Order_ID,Order_Date,Customer_ID,Customer_Name,Region,State,Category,Sub_Category,Product_Name,Quantity,Unit_Price,Sales,Profit,Payment_Method,Segment
100001,2024-10-16,CUST1279,Customer 45,West,California,Office Supplies,Printer,HP LaserJet,4,176.05,704.2,-37.94,PayPal,Consumer
100002,2023-01-31,CUST1214,Customer 113,West,California,Technology,Laptop,Lenovo ThinkPad,4,862.06,3448.24,743.43,PayPal,Home Office
100003,2023-10-12,CUST1172,Customer 53,West,California,Office Supplies,Binder,1in Binder,5,195.02,975.1,322.51,Credit Card,Corporate
100004,2023-04-10,CUST1193,Customer 41,South,Florida,Office Supplies,Printer,HP LaserJet,8,648.11,5184.88,1751.98,Cash,Home Office
100005,2024-09-25,CUST1119,Customer 52,South,Texas,Office Supplies,Paper,A4 Paper,4,929.95,3719.8,1277.19,PayPal,Corporate
100006,2024-04-09,CUST1036,Customer 88,South,Texas,Furniture,Cabinet,Metal Cabinet,5,845.17,4225.85,877.27,Debit Card,Consumer
100007,2024-04-18,CUST1117,Customer 17,Central,Ohio,Office Supplies,Pens,Marker Pack,6,1012.99,6077.94,1514.62,Cash,Corporate
100008,2023-10-02,CUST1234,Customer 74,West,California,Office Supplies,Printer,HP LaserJet,8,480.8,3846.4,1198.33,Cash,Consumer
100009,2023-09-10,CUST1252,Customer 47,South,Florida,Office Supplies,Binder,1in Binder,4,1196.82,4787.28,-180.72,Credit Card,Consumer
100010,2023-06-06,CUST1128,Customer 284,East,Massachusetts,Office Supplies,Paper,Premium Paper,7,719.11,5033.77,556.85,Credit Card,Home Office
100011,2023-04-28,CUST1134,Customer 257,South,Florida,Technology,Keyboard,Keychron K2,3,549.93,1649.79,543.14,Debit Card,Home Office
100012,2023-04-19,CUST1057,Customer 186,South,Texas,Technology,Keyboard,Logitech K120,1,722.74,722.74,86.64,Cash,Consumer
100013,2023-03-01,CUST1281,Customer 85,East,New York,Technology,Mouse,Logitech M185,3,162.79,488.37,55.61,Cash,Home Office
100014,2024-09-13,CUST1191,Customer 225,Central,Illinois,Office Supplies,Pens,Marker Pack,5,484.8,2424.0,490.28,PayPal,Consumer
100015,2023-09-11,CUST1030,Customer 118,East,New York,Furniture,Chair,Mesh Chair,4,710.24,2840.96,-274.9,Credit Card,Consumer
100016,2023-12-05,CUST1295,Customer 243,West,California,Furniture,Bookcase,Oak Bookcase,3,870.79,2612.37,776.06,Debit Card,Corporate
100017,2024-02-21,CUST1027,Customer 51,East,New York,Technology,Mouse,HP Mouse,7,499.21,3494.47,1008.95,Credit Card,Corporate
100018,2023-12-14,CUST1236,Customer 128,West,California,Technology,Monitor,Samsung View,8,176.82,1414.56,-24.66,Credit Card,Corporate
100019,2024-07-17,CUST1109,Customer 206,West,California,Office Supplies,Paper,A4 Paper,4,207.91,831.64,98.58,Credit Card,Consumer
100020,2024-01-24,CUST1284,Customer 250,West,Washington,Furniture,Bookcase,Cube Shelf,7,838.94,5872.58,1343.22,Debit Card,Consumer
100021,2023-10-31,CUST1257,Customer 272,East,New York,Office Supplies,Paper,Copy Paper,6,78.03,468.18,76.26,Debit Card,Consumer
100022,2024-06-04,CUST1291,Customer 127,West,California,Technology,Laptop,Lenovo ThinkPad,4,490.49,1961.96,635.12,Credit Card,Home Office
100023,2023-03-25,CUST1153,Customer 235,Central,Ohio,Furniture,Desk,Corner Desk,6,294.04,1764.24,137.79,Cash,Consumer
100024,2023-01-10,CUST1035,Customer 126,Central,Illinois,Technology,Monitor,Samsung View,5,167.62,838.1,47.82,Cash,Corporate
100025,2023-06-11,CUST1068,Customer 136,Central,Ohio,Office Supplies,Paper,Copy Paper,5,1118.79,5593.95,-298.64,Credit Card,Consumer
100026,2024-07-20,CUST1135,Customer 259,East,Massachusetts,Furniture,Desk,Corner Desk,6,252.28,1513.68,280.65,PayPal,Corporate
100027,2023-02-22,CUST1134,Customer 83,West,Washington,Furniture,Chair,Ergo Chair,6,927.63,5565.78,1039.14,PayPal,Home Office
100028,2024-12-23,CUST1298,Customer 283,Central,Illinois,Technology,Laptop,Lenovo ThinkPad,3,659.25,1977.75,545.0,Debit Card,Corporate
100029,2023-05-11,CUST1181,Customer 287,West,Washington,Furniture,Chair,Office Chair,4,821.66,3286.64,657.72,PayPal,Home Office
100030,2023-06-08,CUST1210,Customer 128,East,New York,Technology,Mouse,Logitech M185,3,886.51,2659.53,131.6,Cash,Consumer
100031,2024-12-19,CUST1156,Customer 117,West,Washington,Technology,Mouse,Logitech M185,4,981.74,3926.96,420.72,Debit Card,Consumer
100032,2024-11-06,CUST1274,Customer 170,East,Massachusetts,Furniture,Cabinet,Metal Cabinet,5,427.86,2139.3,276.47,Credit Card,Consumer
100033,2023-09-25,CUST1223,Customer 262,East,Massachusetts,Technology,Laptop,Lenovo ThinkPad,7,421.37,2949.59,748.88,Credit Card,Corporate
100034,2024-08-13,CUST1169,Customer 161,East,Massachusetts,Technology,Mouse,Logitech M185,4,443.42,1773.68,-121.52,Credit Card,Home Office
100035,2023-11-04,CUST1194,Customer 90,South,Florida,Furniture,Bookcase,Modern Bookcase,5,669.75,3348.75,-45.78,Cash,Corporate
100036,2024-07-15,CUST1109,Customer 262,West,Washington,Furniture,Desk,Wood Desk,6,563.34,3380.04,334.53,PayPal,Home Office
100037,2023-06-23,CUST1101,Customer 76,West,Washington,Office Supplies,Printer,HP LaserJet,4,810.63,3242.52,3.53,Credit Card,Consumer
100038,2023-09-08,CUST1204,Customer 125,Central,Illinois,Furniture,Bookcase,Modern Bookcase,4,864.83,3459.32,251.8,Debit Card,Home Office
100039,2024-12-05,CUST1062,Customer 234,West,California,Furniture,Desk,Standing Desk,8,69.76,558.08,6.77,Debit Card,Corporate
100040,2024-11-14,CUST1243,Customer 231,South,Florida,Office Supplies,Binder,Heavy Binder,8,1077.68,8621.44,2022.98,Cash,Consumer
100041,2024-10-14,CUST1139,Customer 172,South,Florida,Office Supplies,Pens,Ballpoint Pens,8,102.21,817.68,23.37,Cash,Home Office
100042,2023-03-24,CUST1208,Customer 170,East,New York,Technology,Mouse,Dell MS116,0,850.64,2551.92,-181.43,PayPal,Corporate
100043,2023-03-05,CUST1152,Customer 200,East,Massachusetts,Furniture,Chair,Mesh Chair,7,577.61,4043.27,1310.96,PayPal,Home Office
100044,2024-07-13,CUST1207,Customer 85,East,Massachusetts,Technology,Keyboard,Keychron K2,8,44.54,356.32,18.26,PayPal,Consumer
100045,2024-09-29,CUST1025,Customer 134,West,Washington,Office Supplies,Paper,A4 Paper,7,171.48,1200.36,129.36,PayPal,Corporate
100046,2023-08-05,CUST1009,Customer 277,Central,Ohio,Furniture,Bookcase,Cube Shelf,7,310.2,2171.4,-137.11,Credit Card,Corporate
100047,2023-08-18,CUST1242,Customer 59,EAST,California,Technology,Monitor,LG 27,1,749.39,749.39,5.5,Debit Card,Corporate
100048,2024-12-17,CUST1159,Customer 295,South,Florida,Technology,Laptop,Dell Inspiron 15,5,138.64,693.2,-61.31,PayPal,Corporate
100049,2023-07-23,CUST1021,Customer 178,West,California,Technology,Keyboard,Dell KB216,2,957.51,1915.02,296.2,PayPal,Home Office
100050,2024-01-15,CUST1235,Customer 79,West,Washington,Technology,Mouse,HP Mouse,2,525.89,1051.78,66.25,PayPal,Consumer
100051,2024-06-18,CUST1044,Customer 143,South,Florida,Furniture,Bookcase,Modern Bookcase,5,393.54,1967.7,20.61,PayPal,Consumer
100052,2024-04-20,CUST1132,Customer 175,EAST,Ohio,Technology,Mouse,HP Mouse,3,590.18,1770.54,105.65,Cash,Home Office
100053,2024-12-19,CUST1123,Customer 244,South,Texas,Office Supplies,Pens,Gel Pens,4,866.89,3467.56,415.62,PayPal,Corporate
100054,2023-01-18,CUST1242,Customer 284,West,Washington,Technology,Mouse,Dell MS116,4,374.39,1497.56,242.16,Cash,Corporate
100055,2024-07-17,CUST1098,Customer 162,South,Florida,Office Supplies,Binder,1in Binder,5,309.17,1545.85,-70.65,Credit Card,Home Office
100056,2024-07-02,CUST1151,Customer 117,East,New York,Technology,Mouse,HP Mouse,5,1176.81,5884.05,1616.25,Cash,Consumer
100057,2023-11-06,CUST1251,Customer 53,West,California,Furniture,Chair,Ergo Chair,5,839.93,4199.65,-181.32,Credit Card,Home Office
100058,2023-10-19,CUST1058,Customer 34,Central,Ohio,Furniture,Cabinet,Metal Cabinet,1,310.45,310.45,89.34,PayPal,Corporate
100059,2023-03-17,CUST1115,Customer 268,West,California,Technology,Keyboard,Logitech K120,4,150.96,603.84,147.34,PayPal,Corporate
100060,2024-03-29,CUST1108,Customer 136,South,Florida,Furniture,Chair,Mesh Chair,2,1137.63,2275.26,-14.78,Credit Card,Consumer
100061,2023-09-03,CUST1016,Customer 119,East,New York,Technology,Laptop,HP Pavilion,8,830.35,6642.8,740.41,Cash,Home Office
100062,2023-10-17,CUST1076,Customer 137,Central,Illinois,Office Supplies,Pens,Ballpoint Pens,4,515.92,2063.68,299.34,Debit Card,Consumer
100063,2023-03-03,CUST1206,Customer 140,East,Massachusetts,Office Supplies,Printer,Canon Pixma,2,567.75,1135.5,41.83,PayPal,Corporate
100064,2023-03-24,CUST1294,Customer 11,West,Washington,Office Supplies,Printer,Brother HL,5,40.78,203.9,0.61,Cash,Home Office
100065,2023-02-11,CUST1251,Customer 47,East,Massachusetts,Office Supplies,Binder,1in Binder,3,1196.37,3589.11,345.09,PayPal,Corporate
100066,2024-02-23,CUST1205,Customer 282,South,Florida,Office Supplies,Paper,A4 Paper,6,499.86,2999.16,368.78,Credit Card,Corporate
100067,2023-04-01,CUST1211,Customer 28,South,Florida,Furniture,Chair,Office Chair,1,792.62,792.62,114.27,Debit Card,Home Office
100068,2024-01-06,CUST1248,Customer 63,Central,Ohio,Technology,Monitor,Dell UltraSharp,3,1113.93,3341.79,324.66,Credit Card,Home Office
100069,2024-09-15,CUST1058,Customer 237,East,New York,Furniture,Chair,Mesh Chair,7,120.92,846.44,293.3,Credit Card,Home Office
100070,2023-06-07,CUST1282,Customer 75,Central,Ohio,Office Supplies,Printer,Canon Pixma,8,1176.49,9411.92,91.1,PayPal,Consumer
100071,2024-09-05,CUST1152,Customer 297,East,New York,Furniture,Bookcase,Cube Shelf,5,986.45,4932.25,134.54,PayPal,Consumer
100072,2024-04-02,CUST1122,Customer 293,Central,Ohio,Furniture,Bookcase,Cube Shelf,6,1044.83,6268.98,2139.91,PayPal,Consumer
100073,2024-02-25,CUST1077,Customer 254,West,Washington,Office Supplies,Binder,Heavy Binder,7,469.43,3286.01,652.8,Credit Card,Consumer
100074,2024-05-29,CUST1079,Customer 39,South,Texas,Furniture,Chair,Mesh Chair,8,28.26,226.08,-7.94,PayPal,Corporate
100075,2023-12-13,CUST1035,Customer 121,Central,Illinois,Furniture,Bookcase,Cube Shelf,8,1048.14,8385.12,,Cash,Consumer
100076,2023-04-03,CUST1023,Customer 167,Central,Illinois,Office Supplies,Paper,Premium Paper,3,835.86,2507.58,768.68,Credit Card,Corporate
100077,2024-01-03,CUST1087,Customer 90,South,Florida,Technology,Monitor,Samsung View,7,683.45,4784.15,1227.77,Credit Card,Home Office
100078,2024-01-27,CUST1004,Customer 239,East,Massachusetts,Office Supplies,Pens,Gel Pens,8,769.11,6152.88,657.17,Cash,Home Office
100079,2024-07-13,CUST1128,Customer 234,East,New York,Furniture,Cabinet,File Cabinet,5,770.34,3851.7,350.27,Cash,Consumer
100080,2024-01-29,CUST1151,Customer 12,Central,Illinois,Technology,Mouse,Dell MS116,6,694.03,4164.18,1443.77,PayPal,Corporate
100081,2023-01-09,CUST1128,Customer 71,West,Washington,Furniture,Desk,Corner Desk,6,270.62,1623.72,-23.45,Credit Card,Home Office
100082,2024-10-23,CUST1151,Customer 168,West,Washington,Furniture,Chair,Mesh Chair,6,881.51,5289.06,-314.38,PayPal,Consumer
100083,2023-07-25,CUST1151,Customer 174,East,Massachusetts,Office Supplies,Printer,HP LaserJet,5,1097.72,5488.6,1783.16,Credit Card,Corporate
100084,2023-03-19,CUST1135,Customer 275,East,New York,Office Supplies,Binder,Heavy Binder,6,117.46,704.76,54.66,Credit Card,Corporate
100085,2024-01-13,CUST1287,Customer 168,South,Florida,Office Supplies,Printer,HP LaserJet,4,571.06,2284.24,408.41,Debit Card,Home Office
100086,2023-03-06,CUST1252,Customer 60,Central,Ohio,Office Supplies,Binder,2in Binder,3,63.96,191.88,-15.97,Credit Card,Consumer
100087,2024-07-04,CUST1212,Customer 51,East,Massachusetts,Furniture,Cabinet,File Cabinet,7,708.94,4962.58,1126.35,PayPal,Home Office
100088,2024-02-22,CUST1185,Customer 51,South,Texas,Office Supplies,Printer,HP LaserJet,8,539.19,4313.52,26.96,Cash,Home Office
100089,2024-10-22,CUST1046,Customer 109,South,Texas, Furniture ,Cabinet,Metal Cabinet,2,1139.32,2278.64,617.25,Credit Card,Consumer
100090,2023-12-08,CUST1119,Customer 169,East,New York,Office Supplies,Pens,Gel Pens,4,707.8,2831.2,752.74,Debit Card,Home Office
100091,2023-01-03,CUST1007,Customer 184,South,Texas,Technology,Keyboard,Logitech K120,2,796.66,1593.32,-140.85,Debit Card,Home Office
100092,2023-11-28,CUST1243,Customer 230,West,California,Furniture,Chair,Ergo Chair,7,636.04,4452.28,1048.73,Cash,Home Office
100093,2024-08-30,CUST1266,Customer 155,West,Washington,Office Supplies,Pens,Marker Pack,1,875.42,875.42,270.45,PayPal,Home Office
100094,2023-02-01,CUST1037,Customer 42,West,Washington,Furniture,Bookcase,Modern Bookcase,2,593.42,1186.84,367.17,Cash,Home Office
100095,2023-06-01,CUST1050,Customer 59,West,California,Furniture,Cabinet,Storage Cabinet,5,549.92,2749.6,474.15,Debit Card,Corporate
100096,2024-04-07,CUST1160,Customer 131,East,Massachusetts,Furniture,Bookcase,Cube Shelf,7,878.24,6147.68,249.88,Cash,Consumer
100097,2024-12-04,CUST1066,Customer 285,Central,Illinois,Technology,Laptop,Dell Inspiron 15,7,124.91,874.37,203.25,Credit Card,Home Office
100098,2024-07-29,CUST1147,Customer 160,South,Texas,Furniture,Cabinet,File Cabinet,7,1043.03,7301.21,1638.96,Cash,Consumer
100099,2024-08-14,CUST1058,Customer 143,East,New York,Office Supplies,Binder,2in Binder,2,426.64,853.28,128.26,Debit Card,Corporate
100100,2024-07-28,CUST1092,Customer 74,West,Washington, Technology ,Monitor,Dell UltraSharp,5,1106.63,5533.15,320.7,PayPal,Consumer
100101,2023-05-26,CUST1159,Customer 167,West,California,Office Supplies,Pens,Ballpoint Pens,7,549.84,3848.88,-112.26,Credit Card,Consumer
100102,2023-06-09,CUST1226,Customer 213,East,New York,Office Supplies,Paper,Premium Paper,8,797.71,6381.68,756.53,Cash,Consumer
100103,2024-06-08,CUST1112,Customer 203,West,Washington,Furniture,Chair,Office Chair,8,637.05,5096.4,197.68,Credit Card,Consumer
100104,2023-07-29,CUST1220,Customer 90,South,Texas,Technology,Keyboard,Keychron K2,6,152.78,916.68,113.51,Debit Card,Corporate
100105,2024-06-29,CUST1039,Customer 161,East,Massachusetts,Technology,Mouse,Dell MS116,1,529.1,529.1,56.56,PayPal,Home Office
100106,2024-02-19,CUST1235,Customer 186,Central,Ohio,Technology,Mouse,Logitech M185,6,214.53,1287.18,420.17,Credit Card,Corporate
100107,2023-04-19,CUST1173,Customer 114,East,Massachusetts,Office Supplies,Binder,Heavy Binder,2,480.96,961.92,38.11,Cash,Consumer
100108,2023-03-20,CUST1101,Customer 89,West,California,Furniture,Cabinet,File Cabinet,3,291.16,873.48,-29.79,Debit Card,Home Office
100109,2023-03-19,CUST1077,Customer 226,East,Massachusetts,Furniture,Bookcase,Modern Bookcase,6,1038.45,6230.7,1135.53,Credit Card,Corporate
100110,2024-03-28,CUST1029,Customer 189,South,Florida,Office Supplies,Paper,Premium Paper,2,379.39,758.78,78.43,Cash,Consumer
100111,2024-10-22,CUST1077,Customer 32,West,Washington,Furniture,Chair,Office Chair,4,392.62,1570.48,179.09,PayPal,Consumer
100112,2023-12-18,CUST1081,Customer 187,West,California,Technology,Monitor,Samsung View,8,1189.27,9514.16,1292.32,Cash,Corporate
100113,2024-02-01,CUST1197,Customer 146,Central,Ohio,Office Supplies,Paper,Copy Paper,6,88.44,530.64,-30.5,Cash,Home Office
100114,2024-11-03,CUST1200,Customer 67,East,Massachusetts,Technology,Monitor,Dell UltraSharp,5,1161.56,5807.8,1244.7,Credit Card,Corporate
100115,2024-07-26,CUST1158,Customer 93,Central,Ohio,Technology,Laptop,Lenovo ThinkPad,7,615.1,4305.7,-395.25,Debit Card,Corporate
100116,2024-05-12,CUST1276,Customer 270,East,New York,Technology,Monitor,LG 27,5,1014.87,5074.35,-276.48,Credit Card,Home Office
100117,2023-12-11,CUST1186,Customer 122,East,Massachusetts,Technology,Monitor,LG 27,3,868.21,2604.63,-209.25,PayPal,Home Office
100118,2023-10-19,CUST1292,Customer 226,Central,Illinois,Office Supplies,Pens,Ballpoint Pens,8,1085.73,8685.84,-110.25,PayPal,Corporate
100119,2024-01-27,CUST1283,Customer 53,Central,Illinois,Technology,Monitor,Dell UltraSharp,1,773.0,773.0,226.76,Credit Card,Corporate
100120,2023-03-27,CUST1230,Customer 179,East,Massachusetts,Furniture,Desk,Wood Desk,2,1136.23,2272.46,-0.19,,Corporate
100121,2023-02-24,CUST1050,Customer 172,Central,Ohio,Technology,Mouse,Logitech M185,6,277.2,1663.2,72.2,Debit Card,Consumer
100122,2023-02-09,CUST1040,Customer 10,South,Florida,Office Supplies,Pens,Marker Pack,8,543.84,4350.72,-424.79,Cash,Consumer
100123,2023-06-03,CUST1234,Customer 33,Central,Illinois,Furniture,Desk,Wood Desk,2,66.82,133.64,11.88,Credit Card,Corporate
100124,2024-09-03,CUST1292,Customer 214,West,California,Office Supplies,Pens,Ballpoint Pens,7,11.86,83.02,4.88,Debit Card,Home Office
100125,2024-11-15,CUST1191,Customer 130,West,Washington,Technology,Laptop,HP Pavilion,8,61.81,494.48,36.64,Credit Card,Corporate
100126,2023-03-11,CUST1173,Customer 90,South,Texas,Office Supplies,Paper,Copy Paper,6,168.76,1012.56,59.27,PayPal,Home Office
100127,2024-05-05,CUST1021,Customer 162,East,New York,Technology,Mouse,Logitech M185,5,249.89,1249.45,319.86,Cash,Home Office
100128,2024-02-12,CUST1169,Customer 140,Central,Ohio,Technology,Monitor,Dell UltraSharp,6,1035.94,6215.64,-487.85,Credit Card,Corporate
100129,2024-03-23,CUST1265,Customer 137,Central,Ohio,Furniture,Cabinet,Metal Cabinet,8,833.56,6668.48,435.49,Credit Card,Home Office
100130,2024-03-10,CUST1151,Customer 157,West,Washington,Office Supplies,Pens,Marker Pack,5,392.24,1961.2,-125.46,PayPal,Home Office
100131,2024-03-12,CUST1029,Customer 39,East,Massachusetts,Furniture,Bookcase,Oak Bookcase,6,741.67,4450.02,425.97,PayPal,Corporate
100132,2024-06-09,CUST1187,Customer 186,East,New York,Technology,Mouse,Logitech M185,3,90.01,270.03,67.6,PayPal,Home Office
100133,2023-02-03,CUST1203,Customer 161,East,Massachusetts,Furniture,Cabinet,Storage Cabinet,2,692.97,1385.94,191.62,Cash,Consumer
100134,2023-04-27,CUST1228,Customer 110,West,California,Furniture,Bookcase,Modern Bookcase,2,321.51,643.02,11.02,Cash,Home Office
100135,2024-05-17,CUST1044,Customer 164,East,New York,Technology,Laptop,HP Pavilion,3,1079.43,3238.29,324.8,Cash,Home Office
100136,2023-03-08,CUST1071,Customer 122,South,Florida,Technology,Monitor,Dell UltraSharp,4,154.42,617.68,-5.9,PayPal,Consumer
100137,2024-01-05,CUST1245,Customer 270,South,Florida, Office Supplies ,Pens,Marker Pack,2,88.24,176.48,13.97,PayPal,Corporate
100138,2024-08-11,CUST1282,Customer 94,West,California,Furniture,Chair,Office Chair,8,819.33,6554.64,360.71,Debit Card,Corporate
100139,2024-05-29,CUST1115,Customer 178,West,California,Office Supplies,Pens,Ballpoint Pens,3,202.74,608.22,195.01,Cash,Consumer
100140,2023-09-14,CUST1297,Customer 79,East,Massachusetts,Technology,Keyboard,Dell KB216,2,608.06,1216.12,-29.33,Debit Card,Home Office
100141,2024-10-01,CUST1213,Customer 16,South,Texas,Technology,Laptop,Dell Inspiron 15,5,784.84,3924.2,961.95,PayPal,Home Office
100142,2024-07-12,CUST1030,Customer 81,South,Florida,Furniture,Desk,Corner Desk,7,363.95,2547.65,-171.11,,Corporate
100143,2024-05-10,CUST1204,Customer 67,Central,Illinois,Furniture,Desk,Wood Desk,6,883.7,5302.2,1523.59,Cash,Home Office
100144,2024-07-29,CUST1025,Customer 149,West,Washington,Technology,Mouse,Logitech M185,5,545.02,2725.1,-99.75,PayPal,Home Office
100145,2024-03-04,CUST1255,Customer 158,East,New York,Furniture,Cabinet,Metal Cabinet,3,602.94,1808.82,238.09,PayPal,Consumer
100146,2023-04-03,CUST1240,Customer 147,Central,Ohio,Technology,Monitor,Samsung View,6,67.9,407.4,10.84,Credit Card,Consumer
100147,2024-03-17,CUST1287,Customer 100,East,Massachusetts,Office Supplies,Printer,Canon Pixma,6,63.84,383.04,-29.49,Cash,Home Office
100148,2023-10-23,CUST1060,Customer 66,West,Washington,Office Supplies,Binder,Heavy Binder,5,992.12,4960.6,895.18,Credit Card,Corporate
100149,2024-01-18,CUST1070,Customer 171,South,Florida,Technology,Monitor,Samsung View,7,605.09,4235.63,-337.21,PayPal,Home Office
100150,2024-04-12,CUST1153,Customer 173,East,New York,Furniture,Cabinet,Metal Cabinet,7,1188.83,8321.81,1936.43,PayPal,Home Office
100151,2024-07-30,CUST1013,Customer 243,South,Florida,Technology,Keyboard,Keychron K2,2,1176.08,2352.16,382.62,Cash,Home Office
100152,2024-08-15,CUST1016,Customer 294,East,New York,Office Supplies,Binder,2in Binder,7,185.85,1300.95,268.42,Credit Card,Consumer
100153,2023-01-20,CUST1241,Customer 32,Central,Ohio,Furniture,Desk,Wood Desk,4,498.35,1993.4,495.83,Debit Card,Home Office
100154,2023-08-01,CUST1279,Customer 182,South,Florida,Office Supplies,Binder,1in Binder,3,557.0,1671.0,233.78,Cash,Home Office
100155,2024-05-10,CUST1250,Customer 163,East,New York,Furniture,Cabinet,Metal Cabinet,5,927.7,4638.5,1007.51,PayPal,Corporate
100156,2024-07-27,CUST1148,Customer 22,South,Florida,Technology,Mouse,HP Mouse,6,1145.98,6875.88,1802.01,Cash,Home Office
100157,2023-03-22,CUST1138,Customer 288,South,Florida,Office Supplies,Printer,Brother HL,8,264.64,2117.12,577.08,Cash,Consumer
100158,2023-04-22,CUST1241,Customer 52,East,New York,Technology,Monitor,Samsung View,4,72.46,289.84,24.92,Debit Card,Consumer
100159,2024-07-17,CUST1146,Customer 31,East,Massachusetts,Office Supplies,Binder,1in Binder,4,909.53,3638.12,106.45,Credit Card,Home Office
100160,2024-08-10,CUST1253,Customer 96,East,New York,Technology,Mouse,Logitech M185,1,1196.63,1196.63,94.11,Cash,Consumer
100161,2023-01-10,CUST1258,Customer 240,South,Texas,Furniture,Cabinet,Storage Cabinet,8,1068.22,8545.76,-338.5,Cash,Consumer
100162,2023-04-26,CUST1172,Customer 152,South,Texas,Office Supplies,Binder,Heavy Binder,5,865.13,4325.65,-405.15,Debit Card,Consumer
100163,2024-09-17,CUST1071,Customer 245,Central,Ohio,Office Supplies,Printer,HP LaserJet,7,806.41,5644.87,-95.11,Cash,Consumer
100164,2023-01-07,CUST1005,Customer 134,South,Florida,Technology,Mouse,HP Mouse,6,369.32,2215.92,499.24,Cash,Home Office
100165,2023-08-30,CUST1159,Customer 61,West,California,Furniture,Cabinet,Metal Cabinet,7,826.43,5785.01,1824.58,Cash,Corporate
100166,2024-09-21,CUST1212,Customer 282,East,New York,Technology,Mouse,Logitech M185,8,899.8,7198.4,1242.32,PayPal,Home Office
100167,2024-11-11,CUST1288,Customer 58,East,New York,Office Supplies,Paper,Copy Paper,8,638.53,5108.24,320.81,Credit Card,Home Office
100168,2024-06-01,CUST1298,Customer 251,East,New York,Technology,Keyboard,Dell KB216,8,148.33,1186.64,-8.98,Credit Card,Home Office
100169,2024-04-01,CUST1157,Customer 12,West,Washington,Technology,Mouse,HP Mouse,1,674.97,674.97,136.85,PayPal,Corporate
100170,2023-01-04,CUST1035,Customer 242,East,New York, Technology ,Mouse,HP Mouse,2,653.98,1307.96,-95.33,Credit Card,Corporate
100171,2024-02-23,CUST1193,Customer 193,East,New York,Office Supplies,Binder,1in Binder,7,543.76,3806.32,1190.24,Credit Card,Home Office
100172,2024-11-08,CUST1114,Customer 2,East,Massachusetts,Technology,Monitor,Samsung View,7,639.32,4475.24,1018.28,Credit Card,Corporate
100173,2024-04-19,CUST1057,Customer 17,Central,Ohio,Technology,Monitor,Dell UltraSharp,6,194.59,1167.54,-17.73,PayPal,Home Office
100174,2023-01-17,CUST1024,Customer 126,East,New York,Technology,Laptop,Lenovo ThinkPad,1,541.26,541.26,109.56,Credit Card,Corporate
100175,2024-03-25,CUST1294,Customer 164,East,New York,Technology,Monitor,Samsung View,5,288.65,1443.25,,Cash,Consumer
100176,2023-11-06,CUST1089,Customer 219,East,New York,Furniture,Cabinet,Storage Cabinet,1,672.49,672.49,111.8,PayPal,Consumer
100177,2023-12-19,CUST1275,Customer 243,Central,Ohio,Office Supplies,Binder,1in Binder,3,366.87,1100.61,-18.99,Debit Card,Consumer
100178,2023-11-04,CUST1169,Customer 41,East,Massachusetts,Technology,Mouse,HP Mouse,3,472.22,1416.66,20.89,PayPal,Corporate
100179,2023-04-05,CUST1286,Customer 112,East,New York,Furniture,Bookcase,Modern Bookcase,1,1049.61,1049.61,-16.09,PayPal,Consumer
100180,2023-12-07,CUST1124,Customer 105,South,Texas,Technology,Monitor,Samsung View,2,898.79,1797.58,430.43,PayPal,Consumer
100181,2024-07-19,CUST1254,Customer 239,South,Florida,Furniture,Bookcase,Modern Bookcase,6,377.02,2262.12,139.89,Credit Card,Home Office
100182,2024-04-25,CUST1074,Customer 9,South,Texas,Furniture,Cabinet,Storage Cabinet,1,679.4,679.4,-0.29,Cash,Home Office
100183,2024-08-21,CUST1255,Customer 282,Central,Ohio,Technology,Monitor,Dell UltraSharp,4,462.01,1848.04,508.24,Cash,Corporate
100184,2024-05-15,CUST1277,Customer 31,Central,Ohio,Technology,Keyboard,Logitech K120,3,867.17,2601.51,311.51,Credit Card,Consumer
100185,2024-11-15,CUST1111,Customer 259,West,California,Furniture,Desk,Corner Desk,4,90.88,363.52,-11.65,PayPal,Corporate
100186,2023-03-03,CUST1140,Customer 275,Central,Ohio,Technology,Laptop,Lenovo ThinkPad,7,24.1,168.7,23.32,Cash,Consumer
100187,2024-05-29,CUST1129,Customer 182,Central,Illinois,Technology,Laptop,Lenovo ThinkPad,3,296.75,890.25,159.27,Cash,Corporate
100188,2023-03-22,CUST1041,Customer 17,South,Florida,Furniture,Desk,Corner Desk,4,366.97,1467.88,400.19,Credit Card,Corporate
100189,2024-01-24,CUST1169,Customer 290,Central,Ohio,Technology,Laptop,Lenovo ThinkPad,3,108.4,325.2,91.19,Credit Card,Home Office
100190,2023-02-13,CUST1143,Customer 279,East,New York,Office Supplies,Binder,1in Binder,1,1109.75,1109.75,230.82,Credit Card,Consumer
100191,2023-11-19,CUST1288,Customer 124,West,California, Office Supplies ,Pens,Marker Pack,7,1115.36,7807.52,270.72,PayPal,Home Office
100192,2024-07-07,CUST1027,Customer 51,South,Florida,Office Supplies,Pens,Marker Pack,2,605.94,1211.88,410.16,PayPal,Consumer
100193,2023-03-19,CUST1116,Customer 183,South,Florida,Furniture,Chair,Mesh Chair,5,942.42,4712.1,484.16,PayPal,Corporate
100194,2023-07-10,CUST1078,Customer 200,Central,Illinois,Office Supplies,Printer,HP LaserJet,2,107.63,215.26,-6.59,Cash,Corporate
100195,2023-04-20,CUST1220,Customer 230,West,California,Furniture,Bookcase,Cube Shelf,5,131.66,658.3,-39.97,PayPal,Consumer
100196,2023-01-27,CUST1211,,West,Washington,Office Supplies,Paper,Copy Paper,6,1037.82,6226.92,-588.11,Credit Card,Home Office
100197,2024-07-26,CUST1074,Customer 33,East,New York,Office Supplies,Binder,2in Binder,3,330.01,990.03,20.58,Debit Card,Corporate
100198,2023-10-10,CUST1253,Customer 101,Central,Ohio,Furniture,Chair,Office Chair,5,1133.62,5668.1,1271.95,PayPal,Consumer
100199,2023-05-19,CUST1171,Customer 221,South,Texas,Furniture,Cabinet,File Cabinet,7,966.85,6767.95,326.85,Debit Card,Corporate
100200,2023-11-25,CUST1251,Customer 295,WEST,Massachusetts,Furniture,Desk,Wood Desk,6,356.82,2140.92,455.44,Debit Card,Corporate
100201,2024-01-21,CUST1281,Customer 14,South,Florida,Furniture,Chair,Mesh Chair,4,714.75,2859.0,416.08,PayPal,Home Office
100202,2023-08-03,CUST1129,Customer 79,Central,Ohio,Office Supplies,Paper,Premium Paper,8,175.62,1404.96,50.96,PayPal,Corporate
100203,2023-03-17,CUST1184,Customer 275,Central,Ohio,Office Supplies,Binder,Heavy Binder,7,656.94,4598.58,1176.43,Credit Card,Consumer
100204,2023-09-12,CUST1220,Customer 55,South,Texas,Office Supplies,Paper,Copy Paper,7,1160.51,8123.57,399.83,Credit Card,Consumer
100205,2023-09-22,CUST1256,Customer 78,East,New York,Furniture,Cabinet,Storage Cabinet,8,929.09,7432.72,1225.4,Cash,Consumer
100206,2024-05-09,CUST1105,Customer 267,West,Washington,Furniture,Chair,Ergo Chair,3,424.51,1273.53,69.25,PayPal,Corporate
100207,2024-05-02,CUST1058,Customer 12,West,Washington,Office Supplies,Binder,1in Binder,2,367.31,734.62,194.37,Cash,Home Office
100208,2023-04-22,CUST1236,Customer 119,East,New York,Office Supplies,Pens,Marker Pack,3,403.88,1211.64,111.31,PayPal,Home Office
100209,2023-07-08,CUST1002,Customer 110,East,Massachusetts,Furniture,Chair,Mesh Chair,4,544.99,2179.96,203.39,Debit Card,Corporate
100210,2024-12-21,CUST1250,Customer 271,West,California,Office Supplies,Pens,Ballpoint Pens,6,244.52,1467.12,-71.48,Cash,Home Office
100211,2024-02-02,CUST1152,Customer 44,Central,Illinois,Furniture,Cabinet,Storage Cabinet,3,978.35,2935.05,638.95,Debit Card,Corporate
100212,2023-05-01,CUST1070,Customer 295,East,Massachusetts,Technology,Monitor,Dell UltraSharp,3,617.88,1853.64,163.51,PayPal,Corporate
100213,2023-07-10,CUST1230,Customer 28,Central,Illinois,Office Supplies,Pens,Ballpoint Pens,5,176.95,884.75,36.77,Cash,Consumer
100214,2024-05-11,CUST1250,Customer 86,East,New York,Furniture,Bookcase,Cube Shelf,8,504.6,4036.8,1122.03,Credit Card,Home Office
100215,2023-02-01,CUST1253,Customer 282,East,Massachusetts,Technology,Keyboard,Logitech K120,5,210.17,1050.85,111.17,Credit Card,Home Office
100216,2023-04-27,CUST1052,Customer 127,South,Florida,Office Supplies,Paper,Copy Paper,8,660.16,5281.28,1824.15,Cash,Consumer
100217,2024-04-05,CUST1179,Customer 220,South,Florida,Technology,Mouse,Logitech M185,4,259.76,1039.04,240.98,Debit Card,Home Office
100218,2023-05-23,CUST1149,Customer 149,East,New York,Technology,Keyboard,Dell KB216,5,720.26,3601.3,-87.26,Cash,Home Office
100219,2024-11-26,CUST1074,Customer 165,West,California,Furniture,Chair,Office Chair,3,844.7,2534.1,-102.1,Debit Card,Home Office
100220,2024-02-07,CUST1047,Customer 207,Central,Illinois,Office Supplies,Printer,Brother HL,7,456.46,3195.22,-210.94,Cash,Home Office
100221,2024-01-13,CUST1183,Customer 33,Central,Ohio,Furniture,Chair,Mesh Chair,2,879.81,1759.62,187.05,PayPal,Consumer
100222,2024-03-15,CUST1248,Customer 176,East,Massachusetts,Furniture,Cabinet,Storage Cabinet,6,661.3,3967.8,-163.6,Credit Card,Consumer
100223,2023-04-12,CUST1103,Customer 68,Central,Illinois,Technology,Monitor,Dell UltraSharp,8,10.8,86.4,28.61,Cash,Consumer
100224,2023-10-08,CUST1119,Customer 220,West,Washington,Furniture,Chair,Office Chair,3,71.63,214.89,39.01,Credit Card,Home Office
100225,2023-04-08,CUST1004,Customer 176,West,California,Furniture,Chair,Ergo Chair,4,628.14,2512.56,251.96,Credit Card,Corporate
100226,2024-12-11,CUST1160,Customer 189,East,Massachusetts,Technology,Monitor,Dell UltraSharp,2,879.61,1759.22,-94.84,Cash,Consumer
100227,2024-01-27,CUST1077,Customer 211,East,New York,Technology,Laptop,Lenovo ThinkPad,3,533.72,1601.16,360.41,PayPal,Consumer
100228,2023-03-30,CUST1141,Customer 44,West,California,Technology,Mouse,HP Mouse,7,384.26,2689.82,-99.73,Debit Card,Home Office
100229,2024-09-07,CUST1027,Customer 123,South,Texas,Office Supplies,Printer,HP LaserJet,4,899.93,3599.72,118.77,PayPal,Corporate
100230,2023-04-26,CUST1067,Customer 199,East,Massachusetts,Office Supplies,Paper,Copy Paper,1,1184.39,1184.39,379.32,PayPal,Corporate
100231,2024-07-13,CUST1030,Customer 204,East,Massachusetts,Technology,Laptop,Lenovo ThinkPad,2,26.41,52.82,-0.15,Cash,Home Office
100232,2024-12-30,CUST1261,Customer 105,Central,Ohio,Office Supplies,Binder,2in Binder,3,340.19,1020.57,40.27,Debit Card,Home Office
100233,2023-12-01,CUST1222,Customer 60,Central,Illinois,Furniture,Bookcase,Modern Bookcase,4,78.91,315.64,-19.32,PayPal,Home Office
100234,2024-09-15,CUST1083,Customer 255,West,Washington,Office Supplies,Pens,Gel Pens,1,852.4,852.4,183.84,Cash,Home Office
100235,2024-06-13,CUST1015,Customer 172,South,Texas,Furniture,Desk,Corner Desk,5,882.19,4410.95,-206.76,PayPal,Corporate
100236,2024-06-20,CUST1290,Customer 86,West,Washington,Office Supplies,Paper,Premium Paper,8,617.83,4942.64,-370.96,Cash,Consumer
100237,2023-09-19,CUST1196,Customer 77,EAST,California,Technology,Laptop,Dell Inspiron 15,1,301.02,301.02,33.8,Debit Card,Consumer
100238,2024-07-20,CUST1190,Customer 62,Central,Illinois,Furniture,Desk,Wood Desk,6,332.8,1996.8,-129.69,Credit Card,Consumer
100239,2023-08-17,CUST1004,Customer 189,West,Washington,Technology,Mouse,HP Mouse,5,399.49,1997.45,297.4,Debit Card,Corporate
100240,2024-07-31,CUST1279,Customer 126,South,Texas,Furniture,Cabinet,File Cabinet,8,1197.37,9578.96,2386.59,Debit Card,Consumer
100241,2024-02-24,CUST1192,Customer 158,West,California,Office Supplies,Printer,Brother HL,1,1141.68,1141.68,-113.42,Credit Card,Consumer
100242,2024-06-26,CUST1266,Customer 212,East,Massachusetts,Furniture,Chair,Ergo Chair,5,120.7,603.5,189.85,Cash,Corporate
100243,2023-03-28,CUST1121,Customer 150,West,California,Office Supplies,Binder,2in Binder,1,527.63,527.63,176.17,Cash,Corporate
100244,2024-02-07,CUST1299,Customer 56,South,Florida,Furniture,Cabinet,Metal Cabinet,2,1132.83,2265.66,-87.79,Debit Card,Consumer
100245,2023-06-18,CUST1157,Customer 238,Central,Ohio,Furniture,Bookcase,Oak Bookcase,6,1157.92,6947.52,-45.6,Cash,Consumer
100246,2023-04-03,CUST1182,Customer 203,East,Massachusetts,Office Supplies,Paper,A4 Paper,6,186.51,1119.06,246.22,Credit Card,Home Office
100247,2023-11-03,CUST1071,Customer 63,South,Texas,Technology,Mouse,HP Mouse,4,122.72,490.88,-26.58,Credit Card,Consumer
100248,2023-08-16,CUST1038,Customer 12,East,New York,Furniture,Cabinet,File Cabinet,2,702.97,1405.94,23.15,Credit Card,Consumer
100249,2024-10-23,CUST1293,Customer 222,Central,Illinois,Technology,Keyboard,Logitech K120,1,1131.31,1131.31,-87.35,PayPal,Corporate
100250,2023-01-31,CUST1076,Customer 18,Central,Ohio,Technology,Keyboard,Logitech K120,3,337.23,1011.69,101.88,Debit Card,Home Office
100251,2023-10-30,CUST1102,Customer 270,Central,Ohio,Office Supplies,Binder,2in Binder,2,342.93,685.86,-26.23,Debit Card,Home Office
100252,2024-07-10,CUST1164,Customer 199,West,Washington,Office Supplies,Printer,Canon Pixma,8,419.4,3355.2,518.52,Cash,Consumer
100253,2023-01-27,CUST1119,Customer 82,South,Texas,Technology,Keyboard,Logitech K120,8,640.02,5120.16,1254.84,Credit Card,Consumer
100254,2024-11-03,CUST1088,Customer 91,East,Massachusetts,Office Supplies,Paper,A4 Paper,7,432.22,3025.54,840.04,Debit Card,Home Office
100255,2023-11-22,CUST1252,Customer 278,South,Texas,Office Supplies,Printer,Brother HL,3,680.1,2040.3,-31.21,Cash,Consumer
100256,2024-05-17,CUST1169,Customer 104,West,California,Technology,Monitor,Samsung View,4,33.71,134.84,15.52,Debit Card,Corporate
100257,2023-07-01,CUST1186,Customer 38,South,Texas,Technology,Monitor,Samsung View,3,931.5,2794.5,785.02,Cash,Home Office
100258,2024-11-09,CUST1223,Customer 250,Central,Illinois,Furniture,Cabinet,Storage Cabinet,3,1171.27,3513.81,806.62,Cash,Consumer
100259,2024-12-25,CUST1090,,South,Texas,Office Supplies,Pens,Ballpoint Pens,5,883.45,4417.25,143.71,PayPal,Home Office
100260,2023-02-03,CUST1039,Customer 122,East,Massachusetts,Office Supplies,Pens,Marker Pack,2,1124.66,2249.32,-82.57,Cash,Corporate
100261,2023-06-21,CUST1131,Customer 56,West,Washington,Furniture,Chair,Office Chair,4,306.95,1227.8,-85.32,Credit Card,Consumer
100262,2024-01-31,CUST1245,Customer 296,Central,Ohio,Technology,Mouse,HP Mouse,7,427.97,2995.79,206.43,Debit Card,Consumer
100263,2024-04-07,CUST1087,Customer 193,West,California,Furniture,Chair,Office Chair,5,1142.48,5712.4,-380.5,Debit Card,Home Office
100264,2023-03-18,CUST1222,Customer 81,West,Washington,Office Supplies,Binder,Heavy Binder,1,523.27,523.27,,Credit Card,Consumer
100265,2023-12-06,CUST1201,Customer 293,East,New York,Furniture,Cabinet,File Cabinet,5,363.91,1819.55,-103.42,PayPal,Consumer
100266,2023-02-25,CUST1087,Customer 150,South,Texas,Furniture,Chair,Office Chair,8,247.61,1980.88,-175.15,Credit Card,Corporate
100267,2023-04-29,CUST1094,Customer 190,South,Florida,Furniture,Bookcase,Modern Bookcase,5,118.45,592.25,85.79,PayPal,Corporate
100268,2023-07-11,CUST1031,Customer 78,Central,Illinois,Furniture,Bookcase,Cube Shelf,5,279.23,1396.15,29.11,Credit Card,Consumer
100269,2024-11-15,CUST1214,Customer 275,South,Florida,Office Supplies,Pens,Marker Pack,1,1010.55,1010.55,271.11,PayPal,Home Office
100270,2023-08-30,CUST1292,Customer 76,Central,Ohio,Technology,Mouse,Dell MS116,1,607.5,607.5,185.41,Credit Card,Corporate
100271,2023-06-27,CUST1103,Customer 76,East,New York,Technology,Monitor,LG 27,7,103.26,722.82,149.92,Cash,Corporate
100272,2023-03-10,CUST1006,Customer 268,West,Washington,Office Supplies,Binder,Heavy Binder,6,1029.38,6176.28,826.75,PayPal,Consumer
100273,2024-02-29,CUST1176,Customer 211,East,New York,Office Supplies,Paper,A4 Paper,2,945.04,1890.08,548.81,Cash,Corporate
100274,2024-11-01,CUST1205,Customer 20,Central,Ohio,Technology,Monitor,Dell UltraSharp,7,181.18,1268.26,220.54,PayPal,Corporate
100275,2024-12-08,CUST1155,Customer 160,East,New York,Office Supplies,Binder,1in Binder,6,34.08,204.48,54.76,Cash,Corporate
100276,2024-12-13,CUST1213,Customer 46,West,California,Technology,Keyboard,Dell KB216,8,931.1,7448.8,330.66,Debit Card,Corporate
100277,2023-08-05,CUST1206,Customer 70,Central,Ohio,Office Supplies,Printer,HP LaserJet,3,88.08,264.24,57.95,Credit Card,Consumer
100278,2023-07-17,CUST1140,Customer 189,East,New York,Technology,Laptop,HP Pavilion,1,1102.46,1102.46,239.33,PayPal,Home Office
100279,2024-02-11,CUST1282,Customer 180,West,California,Technology,Keyboard,Keychron K2,8,221.32,1770.56,516.5,Cash,Consumer
100280,2023-09-22,CUST1109,Customer 114,West,Washington,Technology,Mouse,Logitech M185,3,1026.05,3078.15,772.38,Debit Card,Home Office
100281,2023-07-31,CUST1088,Customer 5,South,Florida,Office Supplies,Paper,Copy Paper,1,574.18,574.18,-23.23,Debit Card,Corporate
100282,2024-09-14,CUST1266,Customer 204,South,Florida,Furniture,Bookcase,Cube Shelf,8,309.88,2479.04,272.73,Credit Card,Consumer
100283,2024-06-07,CUST1166,Customer 142,South,Florida,Furniture,Chair,Office Chair,2,410.18,820.36,20.03,Cash,Home Office
100284,2024-12-29,CUST1013,Customer 255,South,Texas,Technology,Monitor,LG 27,7,796.03,5572.21,1149.77,Cash,Corporate
100285,2024-03-04,CUST1273,Customer 244,Central,Ohio,Office Supplies,Paper,Copy Paper,4,418.37,1673.48,369.87,Cash,Home Office
100286,2023-11-04,CUST1286,Customer 94,East,New York,Furniture,Chair,Office Chair,3,891.69,2675.07,605.46,Cash,Home Office
100287,2023-04-02,CUST1237,Customer 61,East,Massachusetts,Technology,Keyboard,Keychron K2,6,452.3,2713.8,443.72,,Consumer
100288,2024-10-11,CUST1077,Customer 71,West,Washington,Technology,Laptop,Lenovo ThinkPad,7,640.51,4483.57,385.13,Debit Card,Corporate
100289,2024-02-24,CUST1160,Customer 30,Central,Illinois,Furniture,Desk,Standing Desk,8,405.83,3246.64,1116.81,Credit Card,Corporate
100290,2023-10-08,CUST1219,Customer 207,East,New York,Office Supplies,Pens,Ballpoint Pens,2,163.99,327.98,31.21,PayPal,Corporate
100291,2024-01-28,CUST1271,Customer 98,West,California,Office Supplies,Pens,Marker Pack,6,1140.58,6843.48,2062.64,Credit Card,Home Office
100292,2023-01-05,CUST1156,Customer 86,East,New York,Office Supplies,Printer,Canon Pixma,3,132.22,396.66,50.18,Credit Card,Consumer
100293,2023-11-02,CUST1183,Customer 97,South,Florida,Office Supplies,Printer,Canon Pixma,3,417.85,1253.55,383.11,Debit Card,Corporate
100294,2023-01-20,CUST1187,Customer 20,East,New York,Office Supplies,Pens,Gel Pens,1,711.73,711.73,-17.05,PayPal,Home Office
100295,2023-09-19,CUST1227,Customer 195,West,California, Office Supplies ,Paper,Copy Paper,1,67.4,67.4,-3.23,Credit Card,Home Office
100296,2023-09-16,CUST1138,Customer 71,Central,Illinois,Technology,Laptop,HP Pavilion,7,797.38,5581.66,1105.82,PayPal,Consumer
100297,2024-06-07,CUST1267,Customer 104,West,Washington,Technology,Laptop,HP Pavilion,4,734.71,2938.84,734.95,Cash,Home Office
100298,2024-02-24,CUST1045,Customer 57,South,Texas,Technology,Mouse,Logitech M185,8,403.42,3227.36,-318.76,PayPal,Consumer
100299,2023-04-03,CUST1089,Customer 21,south,California,Furniture,Desk,Wood Desk,5,324.31,1621.55,-125.61,Cash,Corporate
100300,2024-11-24,CUST1087,Customer 169,South,Florida,Office Supplies,Paper,A4 Paper,1,21.51,21.51,-0.81,Cash,Corporate
100301,2024-09-28,CUST1139,Customer 198,South,Texas,Furniture,Cabinet,Metal Cabinet,2,486.93,973.86,324.33,PayPal,Corporate
100302,2024-10-26,CUST1291,Customer 225,East,New York,Technology,Laptop,Dell Inspiron 15,2,505.07,1010.14,167.52,Debit Card,Home Office
100303,2024-01-24,CUST1023,Customer 33,South,Texas,Office Supplies,Pens,Ballpoint Pens,8,144.4,1155.2,98.28,Cash,Home Office
100304,2023-11-18,CUST1246,Customer 178,West,California,Office Supplies,Printer,Brother HL,2,525.09,1050.18,238.38,PayPal,Consumer
100305,2024-07-25,CUST1038,Customer 252,West,California,Office Supplies,Pens,Marker Pack,8,1023.73,8189.84,2385.18,Cash,Consumer
100306,2023-12-05,CUST1235,Customer 228,South,Texas,Office Supplies,Pens,Marker Pack,7,489.9,3429.3,19.72,PayPal,Consumer
100307,2024-05-25,CUST1285,Customer 282,Central,Ohio,Technology,Mouse,Dell MS116,1,132.15,132.15,11.31,Credit Card,Consumer
100308,2024-09-10,CUST1232,Customer 170,South,Texas,Office Supplies,Binder,1in Binder,6,992.12,5952.72,1592.14,PayPal,Home Office
100309,2024-11-03,CUST1149,Customer 281,South,Florida,Technology,Laptop,Lenovo ThinkPad,4,12.61,50.44,3.02,Cash,Home Office
100310,2023-04-19,CUST1096,Customer 62,West,California,Furniture,Desk,Corner Desk,7,137.28,960.96,168.06,PayPal,Consumer
100311,2024-04-13,CUST1258,Customer 69,East,Massachusetts,Technology,Mouse,Logitech M185,2,928.85,1857.7,190.84,PayPal,Consumer
100312,2024-06-27,CUST1065,Customer 54,West,Washington,Office Supplies,Binder,Heavy Binder,3,833.26,2499.78,-54.64,PayPal,Home Office
100313,2024-09-06,CUST1231,Customer 69,South,Florida,Furniture,Desk,Wood Desk,7,1156.68,8096.76,2726.35,Debit Card,Corporate
100314,2024-09-08,CUST1176,Customer 68,South,Florida,Office Supplies,Pens,Gel Pens,4,752.76,3011.04,92.62,Debit Card,Home Office
100315,2024-07-09,CUST1273,Customer 147,South,Texas,Furniture,Bookcase,Modern Bookcase,7,812.35,5686.45,1718.67,PayPal,Consumer
100316,2024-06-19,CUST1082,Customer 147,West,California,Furniture,Desk,Standing Desk,1,247.88,247.88,58.89,Cash,Consumer
100317,2023-03-05,CUST1287,Customer 115,South,Texas,Office Supplies,Paper,Premium Paper,8,131.95,1055.6,306.77,PayPal,Consumer
100318,2024-06-07,CUST1128,Customer 104,South,Texas,Furniture,Bookcase,Cube Shelf,6,1159.34,6956.04,-527.19,PayPal,Consumer
100319,2024-10-10,CUST1095,Customer 89,South,Texas,Office Supplies,Pens,Ballpoint Pens,8,221.14,1769.12,366.56,Credit Card,Corporate
100320,2023-02-11,CUST1169,Customer 239,Central,Ohio,Office Supplies,Printer,HP LaserJet,3,704.94,2114.82,31.21,Debit Card,Consumer
100321,2023-06-07,CUST1269,Customer 113,South,Texas,Office Supplies,Printer,Canon Pixma,6,96.73,580.38,126.79,Debit Card,Home Office
100322,2023-03-11,CUST1169,Customer 170,East,Massachusetts,Office Supplies,Binder,2in Binder,6,273.23,1639.38,-6.54,Cash,Corporate
100323,2023-08-12,CUST1124,Customer 21,Central,Illinois,Technology,Keyboard,Keychron K2,4,1086.35,4345.4,765.51,Cash,Corporate
100324,2023-04-27,CUST1249,Customer 23,Central,Ohio,Office Supplies,Printer,HP LaserJet,6,622.03,3732.18,481.19,Cash,Home Office
100325,2023-07-17,CUST1109,Customer 218,South,Texas,Technology,Monitor,Samsung View,1,756.05,756.05,-3.89,Credit Card,Consumer
100326,2024-07-04,CUST1037,Customer 28,Central,Illinois,Office Supplies,Pens,Gel Pens,8,863.07,6904.56,-572.74,Debit Card,Corporate
100327,2024-07-25,CUST1008,Customer 200,West,California,Furniture,Bookcase,Cube Shelf,8,759.96,6079.68,576.73,Credit Card,Home Office
100328,2023-01-07,CUST1044,Customer 145,West,California,Office Supplies,Paper,Premium Paper,2,354.91,709.82,148.1,PayPal,Corporate
100329,2024-02-09,CUST1151,Customer 74,West,Washington,Technology,Monitor,LG 27,7,958.16,6707.12,1893.15,Cash,Home Office
100330,2024-10-25,CUST1275,Customer 281,South,Texas,Office Supplies,Pens,Gel Pens,1,15.99,15000.0,2.69,Credit Card,Corporate
100331,2023-08-04,CUST1099,Customer 59,South,Texas,Furniture,Desk,Standing Desk,3,272.74,818.22,225.53,Debit Card,Home Office
100332,2024-08-03,CUST1297,Customer 250,West,Washington,Office Supplies,Paper,Premium Paper,2,308.32,616.64,-6.88,Cash,Corporate
100333,2023-05-12,CUST1156,Customer 300,East,New York,Furniture,Chair,Ergo Chair,6,588.17,3529.02,168.53,Debit Card,Home Office
100334,2024-08-03,CUST1223,Customer 142,South,Florida,Furniture,Desk,Standing Desk,6,302.95,1817.7,-0.57,Cash,Consumer
100335,2024-11-26,CUST1041,Customer 144,South,Florida,Furniture,Bookcase,Cube Shelf,5,589.5,2947.5,-150.4,Debit Card,Home Office
100336,2023-07-21,CUST1108,Customer 19,South,Texas,Office Supplies,Paper,A4 Paper,1,977.04,977.04,156.82,Cash,Home Office
100337,2024-07-06,CUST1046,Customer 204,Central,Illinois,Furniture,Bookcase,Oak Bookcase,5,169.32,846.6,106.25,Cash,Home Office
100338,2023-01-11,CUST1074,Customer 248,East,New York,Office Supplies,Pens,Ballpoint Pens,3,223.18,669.54,218.89,Cash,Consumer
100339,2023-08-13,CUST1184,Customer 199,Central,Illinois,Technology,Keyboard,Keychron K2,4,60.94,243.76,-1.69,PayPal,Corporate
100340,2023-02-17,CUST1192,Customer 194,West,Washington,Technology,Keyboard,Dell KB216,5,698.57,3492.85,546.88,Cash,Home Office
100341,2024-10-31,CUST1249,Customer 247,West,Washington,Furniture,Desk,Corner Desk,7,429.95,3009.65,874.22,Credit Card,Home Office
100342,2023-05-23,CUST1185,Customer 61,Central,Illinois,Technology,Laptop,Lenovo ThinkPad,5,261.71,1308.55,-20.8,Debit Card,Corporate
100343,2023-12-05,CUST1210,Customer 12,West,Washington,Office Supplies,Binder,1in Binder,4,713.04,2852.16,545.52,Debit Card,Consumer
100344,2023-05-11,CUST1092,Customer 265,East,New York,Office Supplies,Paper,Copy Paper,3,76.54,229.62,3.72,PayPal,Home Office
100345,2024-07-31,CUST1210,Customer 74,West,Washington,Technology,Monitor,Dell UltraSharp,8,1042.09,8336.72,-193.79,Debit Card,Home Office
100346,2024-11-06,CUST1055,Customer 9,South,Texas,Office Supplies,Printer,Canon Pixma,2,283.48,566.96,41.65,Debit Card,Home Office
100347,2024-05-31,CUST1272,Customer 258,Central,Illinois,Office Supplies,Paper,A4 Paper,8,1082.91,8663.28,1472.03,Credit Card,Consumer
100348,2024-05-08,CUST1271,Customer 220,East,New York,Office Supplies,Binder,Heavy Binder,7,450.75,3155.25,-253.85,Debit Card,Corporate
100349,2024-01-26,CUST1042,Customer 146,South,Texas,Furniture,Desk,Wood Desk,8,921.37,7370.96,2281.6,PayPal,Corporate
100350,2023-07-13,CUST1161,Customer 210,West,California,Office Supplies,Paper,Copy Paper,1,456.29,456.29,-3.45,Cash,Consumer
100351,2023-06-08,CUST1203,Customer 105,Central,Ohio,Furniture,Bookcase,Modern Bookcase,6,738.14,4428.84,1533.75,PayPal,Home Office
100352,2024-07-24,CUST1203,Customer 71,Central,Illinois,Furniture,Bookcase,Cube Shelf,5,697.4,3487.0,866.13,Credit Card,Home Office
100353,2023-08-24,CUST1026,Customer 83,Central,Illinois,Technology,Monitor,Samsung View,7,945.44,6618.08,1723.24,PayPal,Home Office
100354,2023-01-06,CUST1019,Customer 197,West,California,Furniture,Bookcase,Oak Bookcase,2,323.08,646.16,43.21,PayPal,Home Office
100355,2024-11-02,CUST1265,Customer 147,South,Texas,Technology,Mouse,HP Mouse,1,250.03,250.03,48.91,Debit Card,Consumer
100356,2024-09-05,CUST1044,Customer 142,East,New York,Office Supplies,Paper,Premium Paper,4,789.47,3157.88,1070.65,PayPal,Corporate
100357,2024-11-16,CUST1046,Customer 282,Central,Ohio,Office Supplies,Pens,Marker Pack,1,886.94,886.94,-61.31,Cash,Home Office
100358,2024-07-26,CUST1002,Customer 134,South,Florida,Furniture,Desk,Corner Desk,4,551.16,2204.64,180.3,Debit Card,Corporate
100359,2024-06-02,CUST1275,Customer 295,West,California,Office Supplies,Printer,Canon Pixma,2,965.5,1931.0,,Cash,Home Office
100360,2024-03-29,CUST1246,Customer 60,Central,Ohio,Technology,Keyboard,Keychron K2,8,1076.86,8614.88,2480.31,Cash,Consumer
100361,2024-01-27,CUST1147,Customer 48,East,New York,Furniture,Bookcase,Cube Shelf,1,843.97,843.97,15.62,PayPal,Home Office
100362,2023-12-17,CUST1097,Customer 256,West,California,Furniture,Cabinet,Storage Cabinet,4,1074.24,4296.96,90.6,Debit Card,Consumer
100363,2023-09-05,CUST1040,Customer 253,South,Texas,Technology,Monitor,LG 27,6,195.63,1173.78,-61.02,Credit Card,Home Office
100364,2023-02-13,CUST1261,Customer 144,Central,Ohio,Office Supplies,Printer,Canon Pixma,5,594.06,2970.3,1018.75,PayPal,Consumer
100365,2024-08-13,CUST1089,Customer 235,East,New York,Office Supplies,Binder,1in Binder,1,607.95,607.95,46.92,Credit Card,Home Office
100366,2024-06-14,CUST1185,Customer 133,Central,Ohio,Office Supplies,Paper,A4 Paper,4,461.52,1846.08,-100.91,Debit Card,Home Office
100367,2023-09-27,CUST1190,Customer 187,East,Massachusetts,Furniture,Cabinet,Storage Cabinet,3,603.54,1810.62,-9.52,PayPal,Corporate
100368,2024-04-06,CUST1195,Customer 101,East,New York,Office Supplies,Pens,Gel Pens,5,966.86,4834.3,724.68,Debit Card,Home Office
100369,2023-06-03,CUST1264,Customer 274,Central,Illinois,Technology,Mouse,HP Mouse,3,1194.72,3584.16,1011.54,Cash,Corporate
100370,2023-11-04,CUST1243,Customer 50,South,Texas,Furniture,Chair,Mesh Chair,3,81.44,244.32,65.04,PayPal,Home Office
100371,2023-12-09,CUST1101,Customer 296,South,Florida,Furniture,Cabinet,Storage Cabinet,1,500.0,500.0,29.0,Debit Card,Corporate
100372,2023-12-30,CUST1074,Customer 86,South,Florida,Office Supplies,Binder,2in Binder,7,740.26,5181.82,563.2,Cash,Corporate
100373,2024-10-08,CUST1136,Customer 203,Central,Illinois,Technology,Monitor,Dell UltraSharp,4,383.04,1532.16,297.02,Cash,Corporate
100374,2024-01-07,CUST1040,Customer 108,Central,Ohio,Technology,Monitor,LG 27,3,876.05,2628.15,520.14,Debit Card,Corporate
100375,2023-04-16,CUST1053,Customer 135,West,California,Furniture,Chair,Ergo Chair,7,633.54,4434.78,1544.22,Debit Card,Consumer
100376,2024-11-01,CUST1269,Customer 88,Central,Ohio,Technology,Monitor,Samsung View,5,537.36,2686.8,-115.84,Credit Card,Consumer
100377,2024-11-10,CUST1276,Customer 91,South,Florida,Furniture,Bookcase,Modern Bookcase,5,662.77,3313.85,-129.9,PayPal,Home Office
100378,2024-10-13,CUST1187,Customer 212,Central,Ohio,Furniture,Bookcase,Modern Bookcase,4,967.6,3870.4,382.54,Cash,Consumer
100379,2023-11-07,CUST1251,Customer 245,West,California,Office Supplies,Pens,Ballpoint Pens,5,568.35,2841.75,-273.54,Cash,Consumer
100380,2024-03-16,CUST1127,Customer 84,South,Texas,Technology,Keyboard,Logitech K120,7,1059.77,7418.39,717.34,PayPal,Corporate
100381,2023-08-14,CUST1137,Customer 212,South,Texas,Furniture,Desk,Corner Desk,5,348.77,1743.85,408.61,Debit Card,Consumer
100382,2023-07-06,CUST1096,Customer 165,East,Massachusetts,Technology,Mouse,Dell MS116,8,333.84,2670.72,481.37,Credit Card,Consumer
100383,2023-02-20,CUST1119,Customer 47,West,California,Technology,Keyboard,Keychron K2,3,861.08,2583.24,586.91,Debit Card,Consumer
100384,2024-05-20,CUST1169,Customer 42,East,Massachusetts,Furniture,Cabinet,Storage Cabinet,6,561.78,3370.68,863.37,Debit Card,Consumer
100385,2023-09-30,CUST1195,Customer 7,Central,Illinois,Office Supplies,Binder,2in Binder,4,1075.88,4303.52,53.95,Credit Card,Home Office
100386,2023-09-12,CUST1106,Customer 243,Central,Ohio,Technology,Laptop,Dell Inspiron 15,8,885.03,7080.24,-408.66,PayPal,Home Office
100387,2023-11-16,CUST1101,Customer 185,South,Texas,Office Supplies,Paper,Copy Paper,2,311.44,622.88,116.69,Credit Card,Home Office
100388,2023-08-12,CUST1061,Customer 203,West,California,Office Supplies,Binder,1in Binder,1,209.16,209.16,5.07,Debit Card,Consumer
100389,2023-02-13,CUST1173,Customer 31,Central,Illinois,Furniture,Chair,Ergo Chair,3,604.9,1814.7,378.68,Credit Card,Corporate
100390,2024-10-22,CUST1177,Customer 225,East,New York,Technology,Mouse,Logitech M185,6,1178.19,7069.14,1801.59,Debit Card,Consumer
100391,2024-12-06,CUST1150,Customer 278,Central,Ohio,Office Supplies,Pens,Ballpoint Pens,1,587.51,587.51,56.92,PayPal,Consumer
100392,2024-08-03,CUST1151,Customer 135,East,Massachusetts,Furniture,Bookcase,Cube Shelf,3,91.96,275.88,-8.34,Cash,Corporate
100393,2023-01-01,CUST1275,Customer 199,Central,Illinois,Technology,Keyboard,Dell KB216,4,391.63,1566.52,-112.0,Debit Card,Home Office
100394,2024-11-30,CUST1267,Customer 35,Central,Illinois,Office Supplies,Printer,Canon Pixma,7,772.68,5408.76,-272.01,Credit Card,Consumer
100395,2023-07-02,CUST1198,Customer 251,West,California,Technology,Mouse,Logitech M185,2,47.86,95.72,18.07,Cash,Consumer
100396,2024-01-11,CUST1239,Customer 32,East,New York,Technology,Monitor,Samsung View,8,1114.8,8918.4,2447.52,Cash,Home Office
100397,2024-03-01,CUST1039,Customer 111,South,Texas,Office Supplies,Printer,Brother HL,1,883.82,883.82,243.5,Credit Card,Consumer
100398,2023-08-25,CUST1054,Customer 296,Central,Illinois,Technology,Monitor,Samsung View,3,674.52,2023.56,305.89,Cash,Home Office
100399,2024-04-14,CUST1273,Customer 227,Central,Illinois,Technology,Monitor,Samsung View,0,610.58,4274.06,837.24,Cash,Corporate
100400,2024-07-17,CUST1109,Customer 193,South,Florida,Furniture,Bookcase,Modern Bookcase,6,734.01,4404.06,675.65,Cash,Corporate
100401,2024-04-08,CUST1154,Customer 4,Central,Ohio,Technology,Laptop,HP Pavilion,1,625.96,625.96,217.23,Cash,Consumer
100402,2023-08-08,CUST1079,Customer 71,South,Texas,Office Supplies,Printer,Brother HL,3,122.2,366.6,39.29,Cash,Corporate
100403,2024-08-19,CUST1039,Customer 167,East,New York,Furniture,Cabinet,Metal Cabinet,7,687.19,4810.33,-10.36,PayPal,Consumer
100404,2024-05-14,CUST1222,Customer 214,West,Washington,Technology,Mouse,Logitech M185,1,1107.03,1107.03,55.88,Credit Card,Consumer
100405,2024-10-30,CUST1167,Customer 258,West,Washington,Technology,Keyboard,Dell KB216,1,389.99,389.99,60.14,Debit Card,Consumer
100406,2023-02-21,CUST1067,Customer 173,Central,Ohio,Office Supplies,Paper,A4 Paper,7,354.84,2483.88,192.36,Credit Card,Corporate
100407,2024-08-08,CUST1069,Customer 247,West,Washington,Furniture,Chair,Office Chair,7,930.85,6515.95,-269.31,Debit Card,Corporate
100408,2024-02-09,CUST1045,Customer 58,East,New York,Technology,Laptop,HP Pavilion,7,394.86,2764.02,873.05,PayPal,Corporate
100409,2024-01-10,CUST1179,Customer 227,South,Texas,Furniture,Cabinet,File Cabinet,1,925.92,925.92,-22.07,Debit Card,Corporate
100410,2023-02-15,CUST1075,Customer 148,East,New York,Office Supplies,Printer,HP LaserJet,2,143.72,287.44,-21.69,Credit Card,Corporate
100411,2024-12-11,CUST1104,Customer 280,West,Washington,Furniture,Bookcase,Oak Bookcase,6,258.72,1552.32,220.59,Cash,Home Office
100412,2024-05-09,CUST1138,Customer 28,East,New York,Furniture,Chair,Office Chair,3,81.53,244.59,-2.37,PayPal,Home Office
100413,2023-01-09,CUST1197,Customer 119,West,Washington,Office Supplies,Printer,Brother HL,6,1038.5,6231.0,-569.61,PayPal,Home Office
100414,2024-12-27,CUST1011,Customer 21,West,Washington,Furniture,Chair,Ergo Chair,4,605.77,2423.08,257.07,Debit Card,Home Office
100415,2023-11-09,CUST1154,Customer 121,South,Florida,Furniture,Desk,Standing Desk,6,824.33,4945.98,296.36,Cash,Consumer
100416,2024-10-02,CUST1070,Customer 45,South,Florida,Technology,Keyboard,Logitech K120,3,416.73,1250.19,95.99,PayPal,Home Office
100417,2024-11-25,CUST1277,Customer 68,East,Massachusetts,Technology,Monitor,Dell UltraSharp,5,1092.59,5462.95,263.19,Debit Card,Home Office
100418,2023-05-22,CUST1080,Customer 163,East,New York,Furniture,Desk,Wood Desk,3,790.92,2372.76,365.83,Credit Card,Home Office
100419,2024-06-29,CUST1211,Customer 211,West,California,Furniture,Desk,Corner Desk,1,920.87,920.87,272.63,Cash,Corporate
100420,2024-10-14,CUST1136,Customer 291,South,Texas,Technology,Laptop,Dell Inspiron 15,3,41.18,123.54,42.46,Debit Card,Home Office
100421,2023-08-26,CUST1240,Customer 192,East,New York,Furniture,Chair,Mesh Chair,8,169.56,1356.48,380.85,Debit Card,Corporate
100422,2024-05-18,CUST1138,Customer 212,Central,Illinois,Technology,Monitor,LG 27,1,496.22,496.22,166.71,Debit Card,Home Office
100423,2024-11-18,CUST1126,Customer 219,East,New York,Technology,Monitor,Dell UltraSharp,8,828.56,6628.48,1922.58,PayPal,Consumer
100424,2024-09-14,CUST1021,Customer 126,Central,Ohio,Furniture,Chair,Mesh Chair,2,547.42,1094.84,297.97,PayPal,Home Office
100425,2023-02-10,CUST1146,Customer 237,Central,Illinois,Technology,Keyboard,Keychron K2,7,1062.43,7437.01,1845.53,Debit Card,Corporate
100426,2023-10-29,CUST1279,Customer 70,West,California,Furniture,Bookcase,Oak Bookcase,2,223.93,447.86,73.2,PayPal,Corporate
100427,2023-11-28,CUST1165,Customer 84,Central,Illinois,Technology,Mouse,Dell MS116,4,1060.23,4240.92,-251.99,Credit Card,Consumer
100428,2023-04-27,CUST1087,Customer 172,Central,Ohio,Technology,Mouse,Dell MS116,3,460.63,1381.89,98.49,Debit Card,Consumer
100429,2023-05-29,CUST1067,Customer 104,East,New York,Furniture,Cabinet,Storage Cabinet,8,353.65,2829.2,-52.87,Credit Card,Home Office
100430,2023-09-17,CUST1111,Customer 244,West,Washington,Furniture,Bookcase,Modern Bookcase,1,733.5,733.5,89.53,PayPal,Corporate
100431,2024-03-28,CUST1178,Customer 19,West,California,Technology,Keyboard,Dell KB216,4,68.21,272.84,-9.08,Debit Card,Consumer
100432,2024-11-14,CUST1145,Customer 294,South,Florida,Technology,Laptop,Dell Inspiron 15,7,1192.54,8347.78,-228.72,Debit Card,Corporate
100433,2024-08-15,CUST1218,Customer 282,South,Texas,Technology,Keyboard,Keychron K2,6,1078.06,6468.36,1740.76,Credit Card,Corporate
100434,2024-04-27,CUST1029,Customer 56,East,New York,Office Supplies,Printer,Canon Pixma,7,634.33,4440.31,946.33,Credit Card,Corporate
100435,2024-12-06,CUST1254,Customer 267,South,Florida,Office Supplies,Printer,Canon Pixma,6,1113.26,6679.56,1178.48,PayPal,Corporate
100436,2023-07-04,CUST1106,Customer 213,East,Massachusetts,Technology,Laptop,Dell Inspiron 15,1,563.21,563.21,145.61,PayPal,Consumer
100437,2023-12-08,CUST1153,Customer 260,South,Texas,Technology,Monitor,Samsung View,5,312.76,1563.8,-108.64,Cash,Consumer
100438,2023-04-27,CUST1245,Customer 243,South,Florida,Furniture,Chair,Ergo Chair,4,403.31,1613.24,84.0,Credit Card,Home Office
100439,2023-05-20,CUST1028,Customer 267,Central,Illinois,Office Supplies,Binder,Heavy Binder,6,560.34,3362.04,895.56,Cash,Home Office
100440,2024-11-25,CUST1015,Customer 174,South,Texas,Technology,Keyboard,Keychron K2,2,1163.84,2327.68,61.0,PayPal,Home Office
100441,2024-07-01,CUST1044,Customer 255,East,Massachusetts,Technology,Laptop,HP Pavilion,6,854.71,5128.26,113.71,Debit Card,Corporate
100442,2024-04-07,CUST1103,Customer 48,South,Texas,Office Supplies,Printer,HP LaserJet,2,455.32,910.64,-75.74,PayPal,Home Office
100443,2023-01-26,CUST1050,Customer 265,Central,Illinois,Technology,Keyboard,Keychron K2,5,932.88,4664.4,-165.67,Debit Card,Consumer
100444,2023-02-07,CUST1044,Customer 171,Central,Ohio,Office Supplies,Paper,A4 Paper,5,1119.48,5597.4,1170.83,PayPal,Consumer
100445,2023-04-16,CUST1141,Customer 273,South,Texas,Office Supplies,Printer,Brother HL,4,391.85,1567.4,-20.93,Cash,Corporate
100446,2024-11-18,CUST1263,Customer 53,West,Washington,Technology,Monitor,Dell UltraSharp,2,28.16,56.32,10.16,Debit Card,Home Office
100447,2023-12-25,CUST1173,Customer 277,South,Florida,Technology,Keyboard,Dell KB216,4,213.82,855.28,34.31,PayPal,Consumer
100448,2023-05-14,CUST1091,Customer 229,West,Washington,Office Supplies,Paper,A4 Paper,7,74.02,518.14,47.62,Cash,Corporate
100449,2023-12-07,CUST1238,Customer 241,East,New York,Furniture,Desk,Standing Desk,8,125.74,1005.92,39.91,Debit Card,Consumer
100450,2023-05-28,CUST1232,Customer 250,South,Florida,Furniture,Desk,Corner Desk,6,948.65,5691.9,1690.96,Credit Card,Consumer
100451,2024-05-01,CUST1065,Customer 261,West,Washington,Furniture,Bookcase,Oak Bookcase,0,923.85,4619.25,794.5,Credit Card,Corporate
100452,2023-04-20,CUST1081,Customer 247,South,Texas,Furniture,Bookcase,Cube Shelf,7,293.9,2057.3,19.88,PayPal,Consumer
100453,2023-12-15,CUST1293,Customer 250,East,Massachusetts,Furniture,Cabinet,File Cabinet,4,215.97,863.88,173.92,Credit Card,Home Office
100454,2024-09-02,CUST1055,Customer 195,Central,Ohio,Office Supplies,Paper,Premium Paper,3,376.56,1129.68,93.32,Cash,Corporate
100455,2024-10-22,CUST1231,Customer 273,south,California,Technology,Monitor,Samsung View,1,910.92,910.92,179.81,Cash,Corporate
100456,2024-09-22,CUST1176,Customer 46,Central,Illinois,Technology,Keyboard,Keychron K2,5,1103.02,5515.1,1773.13,Credit Card,Home Office
100457,2024-06-06,CUST1183,Customer 57,Central,Illinois, Furniture ,Chair,Office Chair,1,11.0,11.0,1.67,Cash,Consumer
100458,2023-08-29,CUST1108,Customer 89,south,Ohio,Office Supplies,Printer,Brother HL,7,493.18,3452.26,330.85,PayPal,Consumer
100459,2023-07-12,CUST1008,Customer 74,Central,Ohio,Furniture,Desk,Wood Desk,3,169.79,509.37,-34.49,PayPal,Home Office
100460,2024-03-23,CUST1217,Customer 283,East,New York,Technology,Mouse,HP Mouse,7,751.67,5261.69,549.73,PayPal,Corporate
100461,2023-12-30,CUST1256,Customer 138,East,New York,Furniture,Chair,Mesh Chair,8,1017.7,8141.6,53.23,PayPal,Home Office
100462,2024-08-13,CUST1040,Customer 73,South,Texas,Technology,Mouse,Dell MS116,6,144.67,868.02,101.29,Cash,Corporate
100463,2024-06-13,CUST1296,Customer 160,West,California,Technology,Mouse,Dell MS116,2,824.05,1648.1,235.08,Credit Card,Corporate
100464,2024-07-01,CUST1150,Customer 149,West,Washington,Furniture,Bookcase,Modern Bookcase,6,511.01,3066.06,1018.73,Debit Card,Consumer
100465,2024-12-12,CUST1149,Customer 14,South,Florida,Technology,Mouse,Dell MS116,3,691.7,2075.1,405.36,Cash,Corporate
100466,2023-03-26,CUST1057,Customer 90,WEST,New York,Furniture,Cabinet,Metal Cabinet,5,337.51,1687.55,26.38,Debit Card,Home Office
100467,2024-04-02,CUST1175,Customer 44,South,Texas,Furniture,Desk,Wood Desk,3,961.25,2883.75,830.25,Debit Card,Home Office
100468,2023-06-07,CUST1295,Customer 177,Central,Ohio,Furniture,Desk,Corner Desk,8,873.94,6991.52,-172.85,Credit Card,Home Office
100469,2023-09-28,CUST1272,Customer 120,West,California,Technology,Mouse,HP Mouse,8,368.63,2949.04,695.29,PayPal,Home Office
100470,2024-12-23,CUST1229,Customer 196,Central,Ohio,Furniture,Desk,Corner Desk,7,24.12,168.84,53.56,Cash,Home Office
100471,2024-11-30,CUST1050,Customer 131,West,California,Office Supplies,Printer,Canon Pixma,5,408.61,2043.05,41.25,PayPal,Corporate
100472,2024-11-22,CUST1004,Customer 35,East,New York,Office Supplies,Printer,Brother HL,3,382.79,1148.37,-109.37,Credit Card,Corporate
100473,2023-04-11,CUST1047,Customer 30,West,Washington,Furniture,Desk,Corner Desk,5,309.76,1548.8,-131.15,Debit Card,Home Office
100474,2024-10-15,CUST1129,Customer 151,West,California,Technology,Monitor,Dell UltraSharp,3,1076.24,3228.72,687.86,PayPal,Home Office
100475,2023-03-19,CUST1031,Customer 196,Central,Ohio,Furniture,Cabinet,Storage Cabinet,3,939.07,2817.21,69.81,PayPal,Corporate
100476,2023-03-03,CUST1201,Customer 92,South,Florida,Technology,Mouse,Logitech M185,8,1175.51,9404.08,-91.21,PayPal,Consumer
100477,2023-05-28,CUST1292,Customer 129,Central,Illinois,Office Supplies,Paper,Premium Paper,5,132.91,664.55,-44.65,PayPal,Consumer
100478,2024-05-24,CUST1294,Customer 2,East,New York,Technology,Mouse,HP Mouse,3,843.07,2529.21,776.66,PayPal,Corporate
100479,2024-03-22,CUST1246,Customer 63,Central,Illinois, Office Supplies ,Pens,Gel Pens,7,1145.44,8018.08,2149.56,Cash,Corporate
100480,2024-11-29,CUST1148,Customer 104,South,Florida,Technology,Laptop,HP Pavilion,6,105.74,634.44,67.78,Debit Card,Home Office
100481,2023-02-10,CUST1224,Customer 98,Central,Illinois,Furniture,Bookcase,Oak Bookcase,6,588.94,3533.64,1054.25,Debit Card,Consumer
100482,2023-07-17,CUST1230,Customer 9,West,California,Furniture,Bookcase,Oak Bookcase,5,604.62,3023.1,1010.41,Credit Card,Corporate
100483,2023-02-27,CUST1274,Customer 77,South,Texas,Furniture,Chair,Ergo Chair,8,1128.71,9029.68,2632.96,Debit Card,Consumer
100484,2023-02-07,CUST1007,Customer 89,East,Massachusetts,Office Supplies,Paper,Premium Paper,1,298.79,298.79,57.35,Credit Card,Corporate
100485,2023-04-10,CUST1112,Customer 33,Central,Illinois,Office Supplies,Paper,A4 Paper,2,601.6,1203.2,312.39,Debit Card,Corporate
100486,2023-12-12,CUST1171,Customer 33,Central,Ohio,Technology,Monitor,Dell UltraSharp,4,919.43,3677.72,613.77,Credit Card,Corporate
100487,2023-05-25,CUST1020,Customer 69,Central,Illinois,Office Supplies,Printer,Brother HL,3,532.01,1596.03,505.23,Credit Card,Home Office
100488,2024-09-19,CUST1145,Customer 214,Central,Illinois,Technology,Mouse,Logitech M185,1,18.6,18.6,5.89,PayPal,Home Office
100489,2023-05-10,CUST1019,Customer 93,East,New York,Office Supplies,Printer,Brother HL,8,500.32,4002.56,1289.39,PayPal,Home Office
100490,2023-04-01,CUST1048,Customer 186,South,Florida,Furniture,Chair,Mesh Chair,4,238.36,953.44,327.96,Debit Card,Corporate
100491,2024-10-03,CUST1242,Customer 255,East,Massachusetts,Technology,Monitor,LG 27,3,825.44,2476.32,831.69,Debit Card,Consumer
100492,2024-11-17,CUST1232,Customer 23,West,California,Office Supplies,Printer,Canon Pixma,4,527.26,2109.04,106.36,Credit Card,Home Office
100493,2023-02-23,CUST1227,Customer 297,East,New York, Technology ,Mouse,Dell MS116,2,94.32,188.64,1.11,Cash,Corporate
100494,2023-07-23,CUST1102,Customer 193,South,Texas,Technology,Keyboard,Logitech K120,2,292.17,584.34,50.06,Debit Card,Consumer
100495,2024-04-27,CUST1234,Customer 100,Central,Illinois,Furniture,Desk,Standing Desk,8,221.89,1775.12,120.83,Cash,Corporate
100496,2023-07-27,CUST1214,Customer 88,South,Texas,Technology,Laptop,HP Pavilion,3,142.22,426.66,46.72,Cash,Consumer
100497,2023-10-30,CUST1110,Customer 243,East,New York,Office Supplies,Pens,Gel Pens,7,1029.8,7208.6,866.08,PayPal,Corporate
100498,2023-01-15,CUST1076,Customer 294,Central,Illinois,Technology,Keyboard,Keychron K2,4,1071.27,4285.08,712.6,Credit Card,Corporate
100499,2023-02-15,CUST1050,Customer 232,West,Washington,Office Supplies,Paper,Premium Paper,7,580.33,4062.31,1052.58,PayPal,Consumer
100500,2023-03-27,CUST1008,Customer 246,West,Washington,Technology,Monitor,Dell UltraSharp,5,294.48,1472.4,514.65,Cash,Consumer
100501,2024-12-21,CUST1237,Customer 1,Central,Illinois,Furniture,Bookcase,Oak Bookcase,7,230.09,1610.63,470.62,Credit Card,Corporate
100502,2024-12-08,CUST1171,Customer 29,South,Texas,Furniture,Bookcase,Cube Shelf,4,947.35,3789.4,-240.89,Cash,Consumer
100503,2023-04-24,CUST1034,Customer 288,Central,Ohio,Furniture,Chair,Office Chair,6,218.57,1311.42,198.62,Debit Card,Consumer
100504,2023-12-09,CUST1164,Customer 181,East,New York,Office Supplies,Binder,Heavy Binder,4,906.28,3625.12,878.72,Cash,Home Office
100505,2024-11-27,CUST1062,Customer 241,Central,Ohio,Technology,Laptop,HP Pavilion,6,548.37,3290.22,413.42,Cash,Corporate
100506,2024-09-27,CUST1039,Customer 56,South,Texas,Technology,Mouse,Logitech M185,2,474.91,949.82,-18.55,Debit Card,Corporate
100507,2023-04-25,CUST1277,Customer 68,East,Massachusetts,Technology,Monitor,Samsung View,1,358.87,358.87,120.69,PayPal,Corporate
100508,2024-03-06,CUST1266,Customer 172,Central,Illinois,Furniture,Desk,Standing Desk,1,1047.43,1047.43,4.76,PayPal,Home Office
100509,2023-12-18,CUST1156,Customer 88,South,Florida,Office Supplies,Binder,1in Binder,5,685.03,3425.15,1042.02,Cash,Consumer
100510,2024-05-10,CUST1082,Customer 275,South,Florida,Technology,Monitor,Dell UltraSharp,5,552.55,2762.75,-69.45,Cash,Consumer
100511,2023-06-29,CUST1189,Customer 95,East,New York,Technology,Laptop,Dell Inspiron 15,6,693.68,4162.08,409.55,Debit Card,Home Office
100512,2024-12-25,CUST1154,Customer 63,West,Washington,Furniture,Desk,Wood Desk,8,652.44,5219.52,-140.05,Credit Card,Corporate
100513,2024-05-26,CUST1148,Customer 294,East,Massachusetts,Furniture,Desk,Standing Desk,6,780.22,4681.32,154.49,Debit Card,Home Office
100514,2024-03-28,CUST1012,Customer 206,South,Texas,Office Supplies,Binder,2in Binder,3,816.83,2450.49,-116.17,Debit Card,Corporate
100515,2024-01-01,CUST1100,Customer 12,West,Washington,Technology,Monitor,Samsung View,4,939.73,3758.92,921.66,Credit Card,Home Office
100516,2024-04-01,CUST1075,Customer 219,West,Washington,Technology,Mouse,HP Mouse,1,1091.05,1091.05,68.17,Cash,Corporate
100517,2024-01-17,CUST1227,Customer 213,West,Washington,Furniture,Cabinet,Storage Cabinet,8,1050.42,8403.36,-509.08,PayPal,Corporate
100518,2023-06-17,CUST1268,Customer 172,Central,Ohio,Technology,Laptop,Dell Inspiron 15,4,370.85,1483.4,511.43,Credit Card,Home Office
100519,2024-01-20,CUST1070,Customer 103,West,California,Furniture,Cabinet,Storage Cabinet,3,671.42,2014.26,442.35,Debit Card,Corporate
100520,2023-10-24,CUST1078,Customer 135,Central,Illinois,Furniture,Cabinet,Storage Cabinet,8,277.18,2217.44,567.77,Cash,Home Office
100521,2024-10-13,CUST1125,Customer 15,Central,Illinois,Office Supplies,Printer,Canon Pixma,3,595.34,1786.02,374.22,Credit Card,Corporate
100522,2024-05-19,CUST1243,Customer 62,West,Washington,Office Supplies,Binder,Heavy Binder,7,1043.33,7303.31,1333.57,Cash,Home Office
100523,2024-08-12,CUST1182,Customer 84,West,Washington,Technology,Laptop,Dell Inspiron 15,6,558.64,3351.84,710.51,Credit Card,Corporate
100524,2024-01-05,CUST1093,Customer 49,Central,Ohio,Technology,Keyboard,Keychron K2,2,621.5,1243.0,304.41,Debit Card,Home Office
100525,2023-11-27,CUST1265,Customer 145,South,Florida,Furniture,Cabinet,Metal Cabinet,6,989.74,5938.44,-559.38,Cash,Corporate
100526,2024-02-26,CUST1286,Customer 270,South,Texas,Technology,Monitor,LG 27,4,999.57,3998.28,1030.75,Credit Card,Corporate
100527,2024-04-16,CUST1226,Customer 268,West,California,Technology,Laptop,HP Pavilion,6,380.77,2284.62,144.29,Cash,Consumer
100528,2024-12-27,CUST1116,Customer 158,South,Texas,Office Supplies,Paper,A4 Paper,3,1029.61,3088.83,-111.01,Debit Card,Consumer
100529,2023-05-14,CUST1021,Customer 101,West,Washington,Office Supplies,Paper,A4 Paper,1,931.88,931.88,224.4,Credit Card,Consumer
100530,2024-11-06,CUST1049,Customer 64,West,Washington,Technology,Keyboard,Logitech K120,2,368.96,737.92,-70.38,Debit Card,Home Office
100531,2023-07-24,CUST1082,Customer 257,East,Massachusetts,Technology,Laptop,Dell Inspiron 15,5,1139.06,5695.3,321.94,Debit Card,Home Office
100532,2024-08-06,CUST1087,Customer 276,West,California,Office Supplies,Paper,Copy Paper,4,861.82,3447.28,1151.11,Credit Card,Home Office
100533,2023-04-12,CUST1194,Customer 218,East,Massachusetts,Furniture,Desk,Wood Desk,2,225.21,450.42,26.88,Debit Card,Home Office
100534,2023-08-22,CUST1184,Customer 148,Central,Illinois,Furniture,Chair,Office Chair,2,628.48,1256.96,154.75,Credit Card,Consumer
100535,2023-12-02,CUST1115,Customer 284,Central,Illinois,Furniture,Cabinet,Storage Cabinet,5,827.59,4137.95,1152.38,PayPal,Corporate
100536,2024-03-14,CUST1053,Customer 203,East,New York,Furniture,Cabinet,Metal Cabinet,1,1198.48,1198.48,145.31,PayPal,Home Office
100537,2024-11-05,CUST1086,Customer 34,West,California,Technology,Mouse,HP Mouse,2,892.3,1784.6,538.22,Cash,Consumer
100538,2023-12-13,CUST1297,,East,Massachusetts,Technology,Monitor,Dell UltraSharp,8,341.44,2731.52,603.86,PayPal,Corporate
100539,2024-05-02,CUST1254,Customer 119,Central,Ohio,Office Supplies,Printer,HP LaserJet,8,138.56,1108.48,14.2,Debit Card,Consumer
100540,2023-04-12,CUST1155,Customer 50,West,California,Furniture,Chair,Ergo Chair,7,729.45,5106.15,240.65,Credit Card,Home Office
100541,2024-06-16,CUST1175,Customer 277,Central,Ohio,Technology,Keyboard,Dell KB216,8,593.4,4747.2,84.26,Credit Card,Consumer
100542,2024-03-16,CUST1285,Customer 156,West,Washington,Furniture,Cabinet,Storage Cabinet,8,556.99,4455.92,-379.7,Debit Card,Corporate
100543,2024-03-17,CUST1283,Customer 277,East,Massachusetts,Office Supplies,Binder,1in Binder,2,686.94,1373.88,165.89,PayPal,Corporate
100544,2024-07-29,CUST1145,Customer 165,East,New York,Furniture,Cabinet,Storage Cabinet,7,744.16,5209.12,306.0,Credit Card,Consumer
100545,2024-08-27,CUST1194,Customer 50,West,California,Furniture,Cabinet,File Cabinet,1,920.58,920.58,166.92,PayPal,Corporate
100546,2024-01-01,CUST1033,Customer 157,Central,Ohio,Technology,Monitor,LG 27,4,781.22,3124.88,520.73,Credit Card,Corporate
100547,2023-06-23,CUST1136,Customer 11,West,Washington,Technology,Mouse,Dell MS116,7,685.98,4801.86,1467.61,PayPal,Home Office
100548,2023-01-23,CUST1105,Customer 173,South,Florida,Office Supplies,Binder,1in Binder,2,971.91,1943.82,-106.86,PayPal,Home Office
100549,2024-11-14,CUST1038,Customer 275,South,Texas,Office Supplies,Printer,Canon Pixma,7,250.09,1750.63,325.53,Debit Card,Corporate
100550,2023-09-29,CUST1172,Customer 140,West,Washington,Office Supplies,Binder,2in Binder,2,864.07,1728.14,276.83,Credit Card,Home Office
100551,2024-06-27,CUST1276,Customer 161,Central,Ohio,Technology,Keyboard,Logitech K120,5,610.52,3052.6,106.72,Debit Card,Corporate
100552,2024-02-16,CUST1239,Customer 138,South,Florida,Office Supplies,Pens,Gel Pens,3,696.44,2089.32,-8.72,PayPal,Home Office
100553,2024-10-03,CUST1153,Customer 223,West,California,Furniture,Bookcase,Oak Bookcase,4,189.06,756.24,157.59,PayPal,Corporate
100554,2023-03-07,CUST1207,Customer 123,East,Massachusetts,Furniture,Cabinet,File Cabinet,3,315.17,945.51,161.26,Credit Card,Consumer
100555,2023-07-16,CUST1103,Customer 82,West,California,Furniture,Bookcase,Cube Shelf,7,512.2,3585.4,1102.67,Cash,Consumer
100556,2023-01-30,CUST1010,Customer 29,South,Florida,Office Supplies,Pens,Marker Pack,1,1156.91,1156.91,137.24,Credit Card,Corporate
100557,2024-09-08,CUST1071,Customer 121,South,Texas,Furniture,Cabinet,File Cabinet,2,482.31,964.62,268.08,Credit Card,Home Office
100558,2024-05-27,CUST1299,Customer 200,West,Washington,Furniture,Chair,Ergo Chair,2,930.1,1860.2,76.33,Debit Card,Corporate
100559,2023-08-12,CUST1028,Customer 252,East,New York,Technology,Monitor,Dell UltraSharp,8,495.97,3967.76,1143.92,Cash,Home Office
100560,2023-04-26,CUST1157,Customer 11,South,Florida, Furniture ,Desk,Wood Desk,3,441.97,1325.91,294.42,Credit Card,Home Office
100561,2024-11-09,CUST1273,Customer 122,West,California,Furniture,Bookcase,Cube Shelf,6,1084.76,6508.56,1356.13,PayPal,Corporate
100562,2023-01-09,CUST1224,Customer 163,Central,Ohio,Furniture,Chair,Ergo Chair,5,260.36,1301.8,391.34,PayPal,Consumer
100563,2023-10-08,CUST1082,Customer 134,West,Washington,Furniture,Bookcase,Cube Shelf,7,1053.35,7373.45,1984.26,Credit Card,Corporate
100564,2024-03-06,CUST1069,Customer 2,South,Florida,Office Supplies,Paper,A4 Paper,3,759.89,2279.67,583.5,PayPal,Consumer
100565,2024-10-05,CUST1066,Customer 211,South,Florida,Office Supplies,Paper,A4 Paper,3,307.03,921.09,203.66,Cash,Corporate
100566,2024-05-04,CUST1201,Customer 194,East,Massachusetts,Technology,Keyboard,Keychron K2,4,110.43,441.72,28.9,Debit Card,Consumer
100567,2023-01-24,CUST1133,Customer 77,East,New York,Furniture,Desk,Wood Desk,3,69.24,207.72,37.0,Credit Card,Corporate
100568,2023-06-24,CUST1097,Customer 137,West,California,Office Supplies,Binder,1in Binder,8,151.03,1208.24,267.15,Cash,Home Office
100569,2024-05-21,CUST1096,Customer 215,Central,Illinois,Furniture,Desk,Corner Desk,4,1194.3,4777.2,130.59,Debit Card,Corporate
100570,2023-05-30,CUST1234,Customer 44,West,Washington,Furniture,Desk,Corner Desk,8,1089.72,8717.76,578.31,Credit Card,Corporate
100571,2023-05-17,CUST1131,Customer 38,South,Florida,Office Supplies,Pens,Marker Pack,7,853.06,5971.42,1380.87,Credit Card,Home Office
100572,2023-03-02,CUST1195,Customer 155,West,Washington,Technology,Mouse,HP Mouse,1,16.38,16.38,2.08,PayPal,Home Office
100573,2024-01-15,CUST1239,Customer 68,East,New York,Office Supplies,Pens,Ballpoint Pens,3,609.46,1828.38,582.61,Credit Card,Corporate
100574,2024-12-28,CUST1143,Customer 185,Central,Illinois,Furniture,Chair,Office Chair,1,1174.43,1174.43,146.39,PayPal,Corporate
100575,2023-09-27,CUST1225,Customer 28,South,Florida,Furniture,Desk,Wood Desk,0,918.77,7350.16,-234.7,Debit Card,Consumer
100576,2023-02-25,CUST1253,Customer 21,East,New York,Technology,Mouse,HP Mouse,3,850.1,2550.3,245.83,PayPal,Corporate
100577,2024-12-27,CUST1145,Customer 93,Central,Ohio,Furniture,Chair,Mesh Chair,3,157.15,471.45,-27.29,Debit Card,Home Office
100578,2024-06-04,CUST1255,Customer 49,South,Texas,Office Supplies,Paper,Copy Paper,3,505.54,1516.62,-99.22,Cash,Consumer
100579,2023-10-19,CUST1245,Customer 233,West,Washington,Furniture,Chair,Office Chair,3,44.36,133.08,14.25,Cash,Home Office
100580,2024-11-04,CUST1144,Customer 166,West,Washington,Technology,Mouse,HP Mouse,3,261.53,784.59,-61.27,Credit Card,Home Office
100581,2023-03-14,CUST1045,Customer 11,Central,Illinois,Furniture,Cabinet,Metal Cabinet,4,1158.41,4633.64,1341.36,Debit Card,Consumer
100582,2024-02-02,CUST1158,Customer 68,Central,Ohio,Office Supplies,Pens,Gel Pens,5,594.11,2970.55,280.9,Cash,Home Office
100583,2023-04-09,CUST1046,Customer 217,South,Texas,Furniture,Bookcase,Cube Shelf,8,329.49,2635.92,448.51,Cash,Home Office
100584,2023-07-10,CUST1079,Customer 254,Central,Ohio,Technology,Laptop,Lenovo ThinkPad,6,1168.19,7009.14,1432.65,Credit Card,Corporate
100585,2024-04-24,CUST1127,Customer 268,Central,Illinois,Furniture,Cabinet,Metal Cabinet,3,824.33,2472.99,87.01,PayPal,Corporate
100586,2024-08-05,CUST1291,Customer 130,West,California,Technology,Laptop,Lenovo ThinkPad,7,501.49,3510.43,382.97,Cash,Corporate
100587,2024-08-22,CUST1213,Customer 153,West,California,Technology,Mouse,Logitech M185,3,1013.06,3039.18,-242.02,Cash,Home Office
100588,2024-04-10,CUST1132,Customer 55,Central,Ohio,Furniture,Desk,Standing Desk,3,103.08,309.24,105.76,PayPal,Home Office
100589,2023-01-19,CUST1249,Customer 156,West,Washington,Technology,Laptop,Dell Inspiron 15,8,557.59,4460.72,367.08,Cash,Home Office
100590,2024-11-20,CUST1096,,Central,Ohio,Technology,Monitor,LG 27,1,237.05,237.05,,Debit Card,Corporate
100591,2024-10-26,CUST1216,Customer 12,East,New York,Furniture,Desk,Standing Desk,5,925.97,4629.85,-154.29,Credit Card,Consumer
100592,2023-06-06,CUST1200,Customer 27,Central,Ohio,Furniture,Chair,Office Chair,4,249.59,998.36,155.99,Cash,Consumer
100593,2023-04-16,CUST1249,Customer 119,Central,Ohio,Furniture,Cabinet,Metal Cabinet,8,485.62,3884.96,508.97,Credit Card,Home Office
100594,2023-01-20,CUST1177,Customer 230,Central,Ohio,Office Supplies,Paper,Premium Paper,7,1068.08,7476.56,-354.21,PayPal,Consumer
100595,2023-06-15,CUST1173,Customer 240,South,Texas,Furniture,Cabinet,Storage Cabinet,4,614.09,2456.36,403.94,Debit Card,Corporate
100596,2024-12-29,CUST1044,Customer 248,Central,Ohio,Office Supplies,Printer,Canon Pixma,3,749.99,2249.97,60.99,Debit Card,Consumer
100597,2023-07-24,CUST1009,Customer 184,East,Massachusetts,Technology,Mouse,HP Mouse,5,289.32,1446.6,217.82,Cash,Corporate
100598,2024-11-24,CUST1061,Customer 288,East,New York,Office Supplies,Paper,A4 Paper,6,522.44,3134.64,557.66,Debit Card,Corporate
100599,2023-09-22,CUST1224,Customer 235,South,Florida,Technology,Keyboard,Logitech K120,2,850.62,1701.24,539.27,Credit Card,Consumer
100600,2024-09-17,CUST1080,Customer 150,West,California,Office Supplies,Paper,A4 Paper,2,1046.33,2092.66,648.61,PayPal,Home Office
100601,2024-05-25,CUST1212,Customer 4,West,California,Office Supplies,Printer,Canon Pixma,3,156.35,469.05,-4.29,Debit Card,Corporate
100602,2023-12-16,CUST1077,Customer 272,South,Texas,Technology,Keyboard,Keychron K2,7,439.17,3074.19,612.53,PayPal,Consumer
100603,2023-05-22,CUST1005,Customer 265,Central,Ohio,Furniture,Bookcase,Modern Bookcase,6,1133.05,6798.3,674.12,Credit Card,Consumer
100604,2023-12-13,CUST1077,Customer 295,South,Florida,Technology,Mouse,Logitech M185,7,913.44,6394.08,1260.14,Credit Card,Home Office
100605,2024-12-31,CUST1143,Customer 271,South,Florida,Furniture,Cabinet,File Cabinet,6,1091.98,6551.88,-631.89,Debit Card,Home Office
100606,2024-02-18,CUST1207,Customer 102,Central,Illinois,Office Supplies,Binder,Heavy Binder,6,1066.33,6397.98,1610.39,Cash,Consumer
100607,2023-02-07,CUST1159,Customer 267,South,Florida,Office Supplies,Pens,Marker Pack,5,264.34,1321.7,172.15,Cash,Home Office
100608,2023-06-13,CUST1056,Customer 31,West,California,Office Supplies,Printer,HP LaserJet,5,874.55,4372.75,1504.79,Cash,Corporate
100609,2024-10-04,CUST1173,Customer 121,South,Texas,Technology,Laptop,HP Pavilion,5,691.2,3456.0,-337.49,Debit Card,Corporate
100610,2023-11-03,CUST1098,Customer 185,South,Texas,Office Supplies,Binder,Heavy Binder,4,135.22,540.88,71.61,PayPal,Consumer
100611,2023-05-31,CUST1228,Customer 40,Central,Ohio,Technology,Laptop,Dell Inspiron 15,7,1067.33,7471.31,854.07,Cash,Home Office
100612,2024-06-22,CUST1250,Customer 214,Central,Ohio,Furniture,Bookcase,Modern Bookcase,7,1195.85,8370.95,1758.39,Debit Card,Consumer
100613,2024-06-01,CUST1016,Customer 81,East,Massachusetts,Office Supplies,Binder,2in Binder,2,836.42,1672.84,175.56,,Consumer
100614,2024-09-08,CUST1190,Customer 157,Central,Illinois,Technology,Keyboard,Dell KB216,5,57.94,289.7,-8.98,Cash,Corporate
100615,2023-10-29,CUST1145,Customer 111,Central,Illinois,Technology,Monitor,Samsung View,7,67.89,475.23,143.72,Debit Card,Home Office
100616,2024-05-15,CUST1289,Customer 232,West,California,Office Supplies,Printer,HP LaserJet,1,506.91,506.91,80.03,Cash,Corporate
100617,2024-05-01,CUST1045,Customer 210,East,New York,Office Supplies,Binder,1in Binder,8,187.29,1498.32,340.93,PayPal,Consumer
100618,2024-02-09,CUST1012,Customer 293,South,Texas,Office Supplies,Binder,Heavy Binder,5,778.64,3893.2,1127.78,Cash,Home Office
100619,2024-10-22,CUST1009,Customer 62,West,California,Technology,Laptop,Lenovo ThinkPad,4,903.16,3612.64,455.87,Debit Card,Consumer
100620,2023-10-09,CUST1011,Customer 175,East,New York,Office Supplies,Binder,2in Binder,6,488.14,2928.84,-233.6,PayPal,Consumer
100621,2024-02-29,CUST1146,Customer 74,West,Washington,Furniture,Cabinet,Metal Cabinet,2,1175.95,2351.9,338.2,Debit Card,Corporate
100622,2023-04-02,CUST1152,Customer 200,East,Massachusetts,Furniture,Desk,Standing Desk,6,225.93,1355.58,299.56,Credit Card,Corporate
100623,2023-05-26,CUST1121,Customer 253,Central,Ohio,Furniture,Bookcase,Oak Bookcase,1,251.05,251.05,59.87,PayPal,Consumer
100624,2023-10-03,CUST1009,Customer 138,West,Washington,Furniture,Bookcase,Oak Bookcase,8,44.4,355.2,65.75,Credit Card,Consumer
100625,2024-07-22,CUST1072,Customer 192,East,Massachusetts,Office Supplies,Binder,1in Binder,2,1017.07,2034.14,254.66,Debit Card,Consumer
100626,2024-07-04,CUST1030,Customer 247,Central,Ohio,Technology,Laptop,HP Pavilion,5,787.14,3935.7,-97.13,Cash,Home Office
100627,2023-09-14,CUST1288,Customer 36,Central,Ohio,Office Supplies,Pens,Marker Pack,5,64.13,320.65,74.59,Cash,Consumer
100628,2024-02-09,CUST1162,Customer 176,West,California,Office Supplies,Printer,Canon Pixma,4,736.43,2945.72,974.56,Cash,Home Office
100629,2024-04-08,CUST1008,Customer 69,South,Texas,Office Supplies,Printer,Canon Pixma,4,557.16,2228.64,378.38,Credit Card,Home Office
100630,2024-05-02,CUST1039,Customer 276,West,California,Office Supplies,Pens,Ballpoint Pens,8,917.33,7338.64,1043.25,Credit Card,Home Office
100631,2024-03-31,CUST1004,Customer 64,West,Washington,Furniture,Cabinet,Storage Cabinet,3,1008.58,3025.74,802.85,PayPal,Corporate
100632,2023-07-17,CUST1155,Customer 114,Central,Illinois,Technology,Laptop,HP Pavilion,6,237.9,1427.4,381.58,Debit Card,Corporate
100633,2024-01-07,CUST1056,Customer 143,West,Washington,Furniture,Desk,Standing Desk,4,1181.27,4725.08,884.99,PayPal,Consumer
100634,2024-07-19,CUST1116,Customer 268,East,New York,Technology,Monitor,Samsung View,2,161.64,323.28,103.48,Cash,Consumer
100635,2024-11-25,CUST1026,Customer 166,West,Washington,Office Supplies,Binder,2in Binder,7,772.75,5409.25,1754.67,PayPal,Corporate
100636,2023-10-08,CUST1142,Customer 216,West,Washington,Furniture,Cabinet,File Cabinet,1,1061.72,1061.72,1.11,PayPal,Corporate
100637,2023-01-06,CUST1216,Customer 39,Central,Illinois,Furniture,Chair,Mesh Chair,1,1188.41,1188.41,1.82,Debit Card,Consumer
100638,2023-06-18,CUST1171,Customer 129,South,Florida,Technology,Laptop,Dell Inspiron 15,8,524.02,4192.16,-373.9,Debit Card,Consumer
100639,2024-04-29,CUST1224,Customer 49,East,Massachusetts,Technology,Keyboard,Dell KB216,4,1132.82,4531.28,1128.68,PayPal,Home Office
100640,2023-05-08,CUST1226,Customer 29,West,California,Technology,Mouse,HP Mouse,2,941.35,1882.7,-135.74,Cash,Home Office
100641,2024-10-03,CUST1049,Customer 211,Central,Illinois,Technology,Laptop,Lenovo ThinkPad,1,360.95,360.95,25.86,Debit Card,Home Office
100642,2024-11-06,CUST1013,Customer 233,West,Washington,Furniture,Bookcase,Cube Shelf,2,414.14,828.28,266.63,Cash,Home Office
100643,2023-07-17,CUST1260,Customer 132,West,California,Technology,Laptop,Lenovo ThinkPad,4,1086.2,4344.8,-188.17,Cash,Corporate
100644,2024-05-07,CUST1262,Customer 184,Central,Illinois,Technology,Monitor,LG 27,1,161.94,161.94,26.4,Cash,Home Office
100645,2024-07-08,CUST1265,Customer 75,East,New York,Furniture,Cabinet,File Cabinet,6,356.37,2138.22,719.77,Credit Card,Consumer
100646,2024-06-03,CUST1243,Customer 240,West,Washington,Furniture,Desk,Standing Desk,4,944.46,3777.84,202.86,Cash,Home Office
100647,2024-08-02,CUST1021,Customer 254,South,Florida,Furniture,Cabinet,Metal Cabinet,2,550.62,1101.24,280.97,Debit Card,Consumer
100648,2024-10-16,CUST1169,Customer 193,East,New York,Furniture,Desk,Standing Desk,8,884.16,7073.28,2324.74,Debit Card,Corporate
100649,2023-07-08,CUST1225,Customer 100,West,Washington,Technology,Laptop,HP Pavilion,1,670.08,670.08,-24.07,Cash,Consumer
100650,2023-01-31,CUST1283,Customer 126,East,New York,Furniture,Desk,Standing Desk,5,865.42,4327.1,228.98,Debit Card,Consumer
100651,2023-01-23,CUST1056,Customer 174,East,Massachusetts,Technology,Laptop,Lenovo ThinkPad,3,460.92,1382.76,351.69,Debit Card,Corporate
100652,2024-04-12,CUST1073,Customer 67,East,Massachusetts, Furniture ,Desk,Corner Desk,7,1055.28,7386.96,-521.37,Debit Card,Consumer
100653,2024-06-29,CUST1096,Customer 275,Central,Ohio,Furniture,Bookcase,Modern Bookcase,4,1106.01,4424.04,1076.75,Cash,Consumer
100654,2023-12-02,CUST1240,Customer 34,East,New York,Office Supplies,Printer,HP LaserJet,8,258.99,2071.92,-131.29,Debit Card,Home Office
100655,2024-02-02,CUST1247,Customer 254,South,Florida,Office Supplies,Binder,2in Binder,6,857.86,5147.16,702.4,PayPal,Corporate
100656,2024-08-18,CUST1156,Customer 218,Central,Illinois,Technology,Monitor,LG 27,8,1037.17,8297.36,648.48,PayPal,Home Office
100657,2023-06-10,CUST1117,Customer 299,South,Florida,Office Supplies,Paper,A4 Paper,2,361.11,722.22,96.39,Credit Card,Corporate
100658,2024-06-08,CUST1139,Customer 196,South,Florida,Furniture,Bookcase,Cube Shelf,7,447.34,3131.38,387.96,Credit Card,Consumer
100659,2024-03-28,CUST1279,Customer 41,East,Massachusetts,Office Supplies,Paper,Premium Paper,2,360.48,720.96,90.69,Cash,Consumer
100660,2023-04-11,CUST1128,Customer 155,West,California,Furniture,Chair,Mesh Chair,4,407.17,1628.68,331.92,Cash,Consumer
100661,2024-12-23,CUST1207,Customer 297,East,Massachusetts,Technology,Keyboard,Keychron K2,6,941.92,5651.52,461.81,Credit Card,Corporate
100662,2024-10-31,CUST1282,Customer 240,East,Massachusetts,Technology,Monitor,Samsung View,4,574.58,2298.32,303.66,PayPal,Corporate
100663,2023-03-29,CUST1191,Customer 72,South,Texas,Furniture,Bookcase,Oak Bookcase,8,545.47,4363.76,660.24,Debit Card,Corporate
100664,2023-01-10,CUST1275,Customer 154,Central,Ohio,Furniture,Desk,Wood Desk,7,826.06,5782.42,471.36,Cash,Home Office
100665,2023-01-24,CUST1200,Customer 33,West,California,Technology,Keyboard,Dell KB216,7,1176.4,8234.8,-66.77,PayPal,Consumer
100666,2024-05-01,CUST1283,Customer 91,West,Washington,Office Supplies,Binder,Heavy Binder,5,120.96,604.8,-32.09,Credit Card,Home Office
100667,2024-09-09,CUST1268,Customer 36,Central,Illinois,Technology,Monitor,LG 27,7,347.74,2434.18,11.85,PayPal,Consumer
100668,2024-01-13,CUST1214,Customer 245,West,California,Furniture,Bookcase,Cube Shelf,3,1187.62,3562.86,-149.24,Credit Card,Corporate
100669,2023-07-31,CUST1158,Customer 104,East,New York,Furniture,Bookcase,Modern Bookcase,8,198.95,1591.6,252.73,PayPal,Corporate
100670,2023-07-26,CUST1251,Customer 236,West,California,Furniture,Chair,Office Chair,4,635.77,2543.08,787.43,PayPal,Home Office
100671,2023-02-10,CUST1089,Customer 213,West,Washington,Office Supplies,Binder,1in Binder,5,475.4,2377.0,643.08,Debit Card,Consumer
100672,2024-09-24,CUST1122,Customer 81,Central,Ohio,Furniture,Desk,Corner Desk,2,478.33,956.66,311.45,Cash,Home Office
100673,2024-07-04,CUST1188,Customer 40,South,Texas,Office Supplies,Pens,Ballpoint Pens,7,1190.94,8336.58,1240.24,Credit Card,Home Office
100674,2023-11-30,CUST1236,Customer 196,Central,Ohio,Technology,Keyboard,Logitech K120,1,559.98,559.98,-37.55,Cash,Home Office
100675,2024-02-13,CUST1237,Customer 249,East,Massachusetts,Technology,Laptop,HP Pavilion,2,853.83,1707.66,-65.89,PayPal,Consumer
100676,2023-03-26,CUST1051,Customer 91,East,Massachusetts,Technology,Mouse,HP Mouse,3,213.0,639.0,-58.71,Cash,Consumer
100677,2024-07-01,CUST1110,Customer 18,Central,Illinois,Technology,Laptop,Lenovo ThinkPad,5,192.66,963.3,58.9,Debit Card,Corporate
100678,2024-12-14,CUST1193,Customer 104,West,California,Furniture,Cabinet,Storage Cabinet,1,721.86,721.86,-56.38,Debit Card,Corporate
100679,2023-09-02,CUST1032,Customer 113,East,New York,Technology,Mouse,Logitech M185,1,411.17,411.17,-5.56,Credit Card,Home Office
100680,2023-06-21,CUST1106,Customer 278,East,New York, Furniture ,Chair,Office Chair,6,678.84,4073.04,-59.89,PayPal,Corporate
100681,2023-05-04,CUST1006,Customer 200,East,New York,Technology,Keyboard,Keychron K2,3,27.84,83.52,16.23,Debit Card,Corporate
100682,2023-08-14,CUST1255,,West,Washington,Office Supplies,Printer,HP LaserJet,2,1063.7,2127.4,180.82,Debit Card,Corporate
100683,2023-04-08,CUST1162,Customer 247,South,Florida,Office Supplies,Pens,Ballpoint Pens,3,766.07,2298.21,684.37,Credit Card,Corporate
100684,2023-01-19,CUST1063,Customer 159,Central,Ohio,Office Supplies,Pens,Marker Pack,1,286.8,286.8,50.87,Debit Card,Home Office
100685,2024-03-14,CUST1104,Customer 20,East,New York,Technology,Monitor,Dell UltraSharp,8,362.97,2903.76,-92.19,Debit Card,Home Office
100686,2024-09-04,CUST1147,Customer 13,Central,Ohio,Technology,Keyboard,Keychron K2,1,629.84,629.84,214.09,Debit Card,Home Office
100687,2023-12-06,CUST1113,Customer 196,South,Texas,Technology,Laptop,Lenovo ThinkPad,4,963.73,3854.92,822.35,Cash,Consumer
100688,2024-03-28,CUST1104,Customer 65,West,California,Furniture,Chair,Ergo Chair,1,764.9,764.9,-27.77,Credit Card,Consumer
100689,2024-08-29,CUST1125,Customer 218,East,New York,Office Supplies,Paper,Premium Paper,8,380.64,3045.12,684.4,Debit Card,Home Office
100690,2023-09-12,CUST1040,Customer 185,South,Florida,Office Supplies,Binder,Heavy Binder,4,333.51,1334.04,335.62,PayPal,Corporate
100691,2023-06-21,CUST1042,Customer 154,Central,Ohio,Furniture,Bookcase,Oak Bookcase,8,33.58,268.64,19.25,Debit Card,Home Office
100692,2023-06-29,CUST1036,Customer 171,South,Florida,Furniture,Cabinet,Storage Cabinet,5,456.42,2282.1,394.14,Debit Card,Home Office
100693,2024-04-25,CUST1202,Customer 192,East,New York,Technology,Laptop,Dell Inspiron 15,6,594.83,3568.98,1129.8,PayPal,Corporate
100694,2023-11-12,CUST1130,Customer 179,West,Washington,Technology,Laptop,HP Pavilion,3,241.13,723.39,69.69,PayPal,Home Office
100695,2024-12-06,CUST1185,Customer 15,South,Texas,Office Supplies,Binder,1in Binder,4,298.4,1193.6,-100.83,Debit Card,Corporate
100696,2024-09-11,CUST1196,Customer 204,Central,Illinois,Furniture,Desk,Corner Desk,3,24.68,74.04,18.28,Credit Card,Home Office
100697,2023-07-13,CUST1195,Customer 158,Central,Illinois,Furniture,Cabinet,File Cabinet,5,605.77,3028.85,423.86,PayPal,Home Office
100698,2023-04-02,CUST1157,Customer 4,West,Washington,Technology,Keyboard,Dell KB216,4,1116.72,4466.88,353.27,Debit Card,Corporate
100699,2023-01-02,CUST1087,Customer 91,West,California,Office Supplies,Binder,Heavy Binder,7,788.88,5522.16,1269.37,Cash,Consumer
100700,2024-12-21,CUST1095,Customer 103,East,New York,Furniture,Desk,Corner Desk,2,546.29,1092.58,291.14,Credit Card,Home Office
100701,2023-07-07,CUST1150,Customer 44,East,Massachusetts,Furniture,Bookcase,Modern Bookcase,2,1043.35,2086.7,-52.68,PayPal,Consumer
100702,2023-10-11,CUST1031,Customer 137,West,Washington,Technology,Monitor,Dell UltraSharp,8,810.64,6485.12,-354.32,Credit Card,Home Office
100703,2024-08-19,CUST1172,Customer 220,West,California,Technology,Laptop,HP Pavilion,5,1119.23,5596.15,632.11,Cash,Corporate
100704,2024-11-29,CUST1182,Customer 170,South,Florida,Technology,Keyboard,Dell KB216,7,460.34,3222.38,-239.23,Credit Card,Consumer
100705,2024-04-12,CUST1127,Customer 189,Central,Illinois,Technology,Laptop,Lenovo ThinkPad,5,1141.76,5708.8,1359.54,PayPal,Home Office
100706,2024-12-03,CUST1023,Customer 167,EAST,Ohio,Office Supplies,Pens,Gel Pens,6,29.79,178.74,11.1,PayPal,Consumer
100707,2024-09-13,CUST1243,Customer 52,Central,Ohio,Office Supplies,Paper,Premium Paper,7,1127.51,7892.57,2554.55,PayPal,Corporate
100708,2024-09-13,CUST1280,Customer 240,East,New York,Office Supplies,Paper,A4 Paper,8,958.22,7665.76,272.95,Debit Card,Corporate
100709,2023-04-29,CUST1014,Customer 83,Central,Illinois,Technology,Monitor,LG 27,2,135.51,271.02,94.05,Cash,Corporate
100710,2023-10-15,CUST1251,Customer 47,East,Massachusetts,Office Supplies,Binder,Heavy Binder,2,801.92,1603.84,505.58,Cash,Consumer
100711,2024-08-12,CUST1059,Customer 149,West,Washington,Furniture,Bookcase,Modern Bookcase,7,972.05,6804.35,4.07,Credit Card,Consumer
100712,2023-04-02,CUST1194,Customer 296,South,Texas,Office Supplies,Paper,Copy Paper,6,161.63,969.78,39.78,Credit Card,Corporate
100713,2023-03-05,CUST1113,Customer 55,East,Massachusetts,Furniture,Cabinet,Storage Cabinet,3,628.5,1885.5,321.91,PayPal,Consumer
100714,2024-07-05,CUST1145,Customer 75,Central,Ohio,Technology,Keyboard,Logitech K120,8,819.18,6553.44,-220.58,Credit Card,Home Office
100715,2023-11-24,CUST1192,Customer 31,South,Texas,Furniture,Bookcase,Modern Bookcase,4,599.08,2396.32,519.67,Cash,Consumer
100716,2023-08-04,CUST1081,Customer 12,East,New York,Technology,Mouse,Dell MS116,7,365.93,2561.51,683.3,PayPal,Corporate
100717,2024-03-08,CUST1280,Customer 202,Central,Ohio,Furniture,Bookcase,Oak Bookcase,5,346.01,1730.05,545.62,Credit Card,Consumer
100718,2023-11-28,CUST1074,Customer 108,West,Washington,Furniture,Desk,Corner Desk,3,535.84,1607.52,188.24,Debit Card,Home Office
100719,2023-07-20,CUST1086,Customer 29,West,Washington,Office Supplies,Paper,Copy Paper,3,458.1,1374.3,470.31,Credit Card,Corporate
100720,2024-04-30,CUST1206,Customer 126,East,New York,Technology,Keyboard,Dell KB216,7,1163.98,8147.86,1484.03,Credit Card,Consumer
100721,2023-09-04,CUST1045,Customer 238,Central,Ohio,Furniture,Desk,Corner Desk,7,933.26,6532.82,2260.51,PayPal,Corporate
100722,2024-10-09,CUST1260,Customer 116,Central,Ohio,Technology,Laptop,Dell Inspiron 15,2,155.24,310.48,58.57,Credit Card,Home Office
100723,2024-08-09,CUST1222,Customer 153,Central,Ohio,Office Supplies,Paper,Copy Paper,3,466.91,1400.73,490.23,Debit Card,Consumer
100724,2023-11-30,CUST1275,Customer 64,West,California,Furniture,Chair,Office Chair,8,86.08,688.64,190.56,Debit Card,Home Office
100725,2023-05-01,CUST1082,Customer 45,East,New York,Technology,Mouse,HP Mouse,2,56.58,113.16,17.97,Cash,Consumer
100726,2023-03-28,CUST1265,Customer 151,West,Washington,Furniture,Desk,Wood Desk,1,305.52,305.52,-24.2,PayPal,Consumer
100727,2024-08-13,CUST1022,Customer 122,Central,Ohio,Office Supplies,Printer,Brother HL,4,828.64,3314.56,656.87,Credit Card,Consumer
100728,2023-05-26,CUST1216,Customer 39,South,Texas,Technology,Monitor,Samsung View,6,340.1,2040.6,465.45,Cash,Corporate
100729,2024-01-26,CUST1104,Customer 37,East,Massachusetts,Furniture,Chair,Office Chair,7,1128.84,7901.88,-280.83,Cash,Home Office
100730,2024-12-14,CUST1194,Customer 14,East,Massachusetts,Office Supplies,Pens,Ballpoint Pens,3,386.47,1159.41,295.07,Debit Card,Consumer
100731,2023-10-04,CUST1170,Customer 140,West,California,Office Supplies,Binder,2in Binder,6,771.81,4630.86,292.99,Debit Card,Consumer
100732,2023-10-08,CUST1269,Customer 157,West,California,Furniture,Desk,Wood Desk,2,941.45,1882.9,-83.64,PayPal,Consumer
100733,2024-06-25,CUST1199,Customer 93,South,Florida,Office Supplies,Printer,Brother HL,2,1076.92,2153.84,-49.89,,Home Office
100734,2024-11-25,CUST1064,Customer 74,Central,Ohio,Office Supplies,Pens,Ballpoint Pens,1,827.12,827.12,182.75,PayPal,Home Office
100735,2023-10-01,CUST1181,Customer 240,West,Washington,Office Supplies,Pens,Marker Pack,7,851.08,5957.56,-104.87,Cash,Corporate
100736,2024-03-14,CUST1040,Customer 40,East,Massachusetts,Office Supplies,Paper,Premium Paper,7,926.99,6488.93,1819.24,Debit Card,Consumer
100737,2023-06-19,CUST1217,Customer 261,West,California,Office Supplies,Printer,Brother HL,8,971.93,7775.44,-740.12,Debit Card,Corporate
100738,2024-05-24,CUST1176,Customer 126,West,Washington,Technology,Monitor,Samsung View,1,859.85,859.85,185.87,Credit Card,Home Office
100739,2024-04-04,CUST1216,Customer 254,East,New York,Technology,Laptop,HP Pavilion,3,621.28,1863.84,612.49,PayPal,Consumer
100740,2024-01-18,CUST1135,Customer 110,West,Washington,Office Supplies,Pens,Marker Pack,2,355.18,710.36,83.4,Credit Card,Home Office
100741,2024-10-08,CUST1235,Customer 169,Central,Illinois,Furniture,Chair,Office Chair,8,78.42,627.36,-61.07,Cash,Corporate
100742,2023-04-20,CUST1101,Customer 44,West,Washington,Office Supplies,Pens,Ballpoint Pens,6,20.55,123.3,11.57,Debit Card,Corporate
100743,2023-05-07,CUST1219,Customer 94,Central,Illinois,Technology,Keyboard,Logitech K120,8,480.48,3843.84,133.3,Cash,Consumer
100744,2024-03-25,CUST1101,Customer 57,Central,Illinois,Technology,Keyboard,Dell KB216,7,16.91,118.37,35.23,Debit Card,Corporate
100745,2023-02-11,CUST1136,Customer 61,East,Massachusetts,Furniture,Cabinet,Metal Cabinet,3,802.78,2408.34,786.97,PayPal,Corporate
100746,2024-07-17,CUST1010,Customer 65,Central,Illinois,Furniture,Bookcase,Modern Bookcase,7,166.39,1164.73,385.47,Debit Card,Corporate
100747,2024-05-27,CUST1248,Customer 43,West,California,Technology,Keyboard,Keychron K2,1,526.85,526.85,15.94,PayPal,Consumer
100748,2024-09-24,CUST1219,Customer 102,East,New York,Technology,Keyboard,Logitech K120,5,1193.17,5965.85,67.47,PayPal,Home Office
100749,2023-04-16,CUST1098,Customer 75,East,New York,Office Supplies,Pens,Gel Pens,2,167.43,334.86,-27.7,PayPal,Consumer
100750,2024-09-23,CUST1113,Customer 173,East,New York,Technology,Mouse,HP Mouse,5,843.19,4215.95,1437.87,PayPal,Corporate
100751,2023-03-04,CUST1214,Customer 127,Central,Illinois,Furniture,Chair,Office Chair,6,343.86,2063.16,119.58,Cash,Consumer
100752,2023-07-06,CUST1051,Customer 221,West,California,Technology,Keyboard,Logitech K120,5,571.75,2858.75,882.83,Debit Card,Corporate
100753,2024-05-18,CUST1066,Customer 170,South,Florida,Furniture,Chair,Ergo Chair,1,822.72,822.72,202.97,Cash,Home Office
100754,2024-01-06,CUST1061,Customer 22,South,Texas,Office Supplies,Printer,HP LaserJet,7,113.81,796.67,-41.53,Debit Card,Consumer
100755,2024-12-22,CUST1078,Customer 23,Central,Illinois,Technology,Keyboard,Keychron K2,8,1187.68,9501.44,-86.47,Debit Card,Consumer
100756,2024-03-04,CUST1214,Customer 269,South,Florida,Furniture,Bookcase,Modern Bookcase,2,1093.91,2187.82,-152.12,Credit Card,Consumer
100757,2024-09-05,CUST1203,Customer 254,South,Texas,Furniture,Chair,Mesh Chair,1,955.32,955.32,202.73,Credit Card,Consumer
100758,2024-03-24,CUST1004,Customer 263,Central,Ohio,Furniture,Cabinet,Metal Cabinet,3,14.28,42.84,6.74,PayPal,Home Office
100759,2024-12-25,CUST1023,Customer 274,South,Florida,Technology,Keyboard,Dell KB216,5,667.06,3335.3,-76.71,Debit Card,Corporate
100760,2023-02-10,CUST1059,Customer 1,East,Massachusetts,Technology,Keyboard,Logitech K120,4,1187.55,4750.2,-26.19,Cash,Home Office
100761,2024-09-11,CUST1166,Customer 30,South,Florida, Technology ,Keyboard,Dell KB216,3,495.93,1487.79,260.61,Credit Card,Corporate
100762,2023-08-13,CUST1131,Customer 283,South,Texas,Furniture,Chair,Mesh Chair,2,869.9,1739.8,364.75,Debit Card,Corporate
100763,2023-08-14,CUST1188,Customer 76,South,Florida,Technology,Mouse,Logitech M185,8,285.75,2286.0,518.53,PayPal,Consumer
100764,2024-05-22,CUST1144,Customer 11,East,Massachusetts,Technology,Monitor,LG 27,8,1132.59,9060.72,-170.5,Cash,Consumer
100765,2023-07-01,CUST1206,Customer 52,Central,Illinois,Technology,Monitor,LG 27,7,301.85,2112.95,653.13,Debit Card,Home Office
100766,2023-01-13,CUST1022,Customer 68,West,Washington,Furniture,Chair,Ergo Chair,1,918.5,918.5,174.53,Debit Card,Consumer
100767,2023-10-02,CUST1071,Customer 246,East,New York,Technology,Laptop,Lenovo ThinkPad,6,1024.74,6148.44,-379.76,PayPal,Consumer
100768,2023-11-11,CUST1022,Customer 53,South,Florida,Technology,Monitor,LG 27,5,756.71,3783.55,-168.81,Cash,Consumer
100769,2024-06-07,CUST1146,Customer 116,Central,Illinois,Technology,Monitor,LG 27,4,518.29,2073.16,-69.83,PayPal,Home Office
100770,2023-04-26,CUST1060,Customer 185,Central,Illinois,Technology,Monitor,LG 27,5,435.2,2176.0,385.29,Credit Card,Consumer
100771,2024-09-11,CUST1154,Customer 147,East,New York,Furniture,Cabinet,File Cabinet,3,818.53,2455.59,-79.56,Cash,Consumer
100772,2023-10-05,CUST1075,Customer 200,Central,Ohio,Furniture,Chair,Ergo Chair,3,935.56,2806.68,-95.53,PayPal,Home Office
100773,2024-05-04,CUST1065,Customer 94,West,California,Office Supplies,Binder,Heavy Binder,5,182.15,910.75,41.32,PayPal,Corporate
100774,2023-11-23,CUST1125,Customer 197,Central,Ohio,Furniture,Bookcase,Modern Bookcase,6,174.48,1046.88,340.04,PayPal,Home Office
100775,2024-05-24,CUST1112,Customer 45,Central,Illinois,Furniture,Chair,Mesh Chair,7,637.07,4459.49,1112.49,Debit Card,Corporate
100776,2023-01-03,CUST1071,Customer 151,East,New York,Furniture,Bookcase,Oak Bookcase,2,80.9,161.8,9.26,PayPal,Consumer
100777,2024-07-18,CUST1073,Customer 194,Central,Illinois,Technology,Monitor,LG 27,3,149.51,448.53,95.58,Credit Card,Home Office
100778,2024-03-10,CUST1080,Customer 16,South,Texas,Office Supplies,Paper,Copy Paper,2,577.42,1154.84,193.17,Debit Card,Corporate
100779,2023-05-25,CUST1071,Customer 271,West,California,Technology,Laptop,Lenovo ThinkPad,7,188.16,1317.12,-23.59,Cash,Corporate
100780,2024-02-26,CUST1016,Customer 89,South,Florida,Office Supplies,Paper,Premium Paper,2,195.51,391.02,115.95,Debit Card,Consumer
100781,2024-02-10,CUST1080,Customer 140,Central,Ohio,Office Supplies,Printer,Brother HL,5,854.13,4270.65,387.14,Credit Card,Home Office
100782,2024-01-22,CUST1286,Customer 40,East,New York,Furniture,Chair,Ergo Chair,7,228.6,1600.2,377.16,PayPal,Corporate
100783,2023-11-17,CUST1039,Customer 186,Central,Ohio,Technology,Laptop,HP Pavilion,7,241.73,1692.11,-86.67,Cash,Consumer
100784,2023-09-03,CUST1158,Customer 97,South,Texas,Office Supplies,Paper,A4 Paper,4,720.56,2882.24,692.99,Debit Card,Home Office
100785,2023-02-03,CUST1158,Customer 5,East,Massachusetts,Technology,Laptop,Lenovo ThinkPad,8,64.36,514.88,21.4,Cash,Corporate
100786,2024-02-12,CUST1257,Customer 52,East,Massachusetts,Furniture,Cabinet,Metal Cabinet,2,404.27,808.54,245.34,Debit Card,Consumer
100787,2024-08-24,CUST1047,Customer 119,Central,Ohio,Office Supplies,Paper,Premium Paper,3,190.33,570.99,61.89,Debit Card,Home Office
100788,2024-10-31,CUST1220,Customer 21,East,New York,Office Supplies,Printer,Canon Pixma,3,413.43,1240.29,77.07,PayPal,Consumer
100789,2023-08-02,CUST1280,Customer 45,West,California,Office Supplies,Binder,2in Binder,1,179.72,179.72,52.43,PayPal,Consumer
100790,2024-04-10,CUST1036,Customer 92,west,Texas,Furniture,Desk,Standing Desk,5,696.05,3480.25,205.39,PayPal,Corporate
100791,2024-04-29,CUST1205,Customer 210,South,Florida,Office Supplies,Pens,Gel Pens,8,57.12,456.96,130.94,Debit Card,Corporate
100792,2024-01-11,CUST1021,Customer 30,South,Florida,Technology,Mouse,Dell MS116,8,322.76,2582.08,759.11,Debit Card,Home Office
100793,2024-07-28,CUST1114,Customer 199,West,California,Technology,Keyboard,Keychron K2,3,688.46,2065.38,587.03,PayPal,Home Office
100794,2023-04-06,CUST1203,Customer 222,South,Florida,Furniture,Bookcase,Oak Bookcase,2,224.53,449.06,-23.01,Debit Card,Corporate
100795,2023-12-03,CUST1279,Customer 80,West,Washington,Furniture,Bookcase,Oak Bookcase,8,146.05,1168.4,122.17,PayPal,Consumer
100796,2024-10-17,CUST1220,Customer 243,East,Massachusetts, Office Supplies ,Paper,Copy Paper,7,84.26,589.82,155.62,Debit Card,Consumer
100797,2023-08-05,CUST1207,Customer 42,West,Washington,Furniture,Cabinet,File Cabinet,3,109.47,328.41,-22.61,Cash,Home Office
100798,2024-04-07,CUST1175,Customer 153,Central,Illinois,Office Supplies,Printer,HP LaserJet,1,120.01,120.01,36.69,Debit Card,Consumer
100799,2023-12-24,CUST1199,Customer 6,Central,Ohio,Furniture,Desk,Corner Desk,7,432.08,3024.56,640.62,Debit Card,Consumer
100800,2024-11-14,CUST1255,Customer 163,East,Massachusetts,Office Supplies,Printer,HP LaserJet,3,1076.84,3230.52,1034.47,Credit Card,Home Office
100801,2024-02-21,CUST1018,Customer 112,South,Texas,Furniture,Desk,Corner Desk,8,770.31,6162.48,987.66,Debit Card,Corporate
100802,2024-12-14,CUST1007,Customer 190,East,Massachusetts,Technology,Keyboard,Logitech K120,4,1166.38,4665.52,744.51,Cash,Consumer
100803,2023-11-06,CUST1277,Customer 219,South,Texas,Office Supplies,Binder,Heavy Binder,8,502.72,4021.76,234.38,Cash,Consumer
100804,2023-06-30,CUST1223,Customer 146,Central,Ohio,Furniture,Desk,Corner Desk,3,655.89,1967.67,141.09,Credit Card,Consumer
100805,2023-04-17,CUST1278,Customer 52,West,California,Office Supplies,Binder,2in Binder,8,902.43,7219.44,1304.71,PayPal,Home Office
100806,2024-08-18,CUST1240,Customer 64,West,Washington,Furniture,Desk,Standing Desk,8,666.39,5331.12,-258.42,Cash,Corporate
100807,2024-02-27,CUST1157,Customer 213,Central,Illinois,Furniture,Desk,Corner Desk,5,328.45,1642.25,322.55,Debit Card,Consumer
100808,2024-02-29,CUST1220,Customer 124,West,California,Technology,Monitor,Dell UltraSharp,6,408.76,2452.56,813.32,PayPal,Consumer
100809,2024-09-23,CUST1162,Customer 265,Central,Illinois,Office Supplies,Binder,2in Binder,7,1173.05,8211.35,-179.23,Debit Card,Corporate
100810,2023-08-25,CUST1133,Customer 284,West,California,Office Supplies,Paper,Copy Paper,7,1013.21,7092.47,1292.91,Debit Card,Corporate
100811,2023-07-28,CUST1040,Customer 293,West,California,Technology,Mouse,Logitech M185,3,43.1,129.3,28.24,PayPal,Consumer
100812,2023-05-14,CUST1125,Customer 194,Central,Ohio,Technology,Monitor,Samsung View,4,363.34,1453.36,204.83,Cash,Home Office
100813,2023-02-22,CUST1062,Customer 55,South,Texas,Technology,Laptop,Lenovo ThinkPad,2,142.01,284.02,90.1,Debit Card,Corporate
100814,2023-09-26,CUST1011,Customer 212,East,New York,Technology,Mouse,HP Mouse,4,475.05,1900.2,229.86,Credit Card,Corporate
100815,2024-10-02,CUST1082,Customer 93,West,California,Office Supplies,Binder,1in Binder,6,763.93,4583.58,471.63,Cash,Consumer
100816,2023-07-02,CUST1062,Customer 99,West,California,Furniture,Cabinet,Storage Cabinet,1,198.48,198.48,46.4,Credit Card,Home Office
100817,2023-01-24,CUST1064,Customer 138,East,New York,Furniture,Chair,Ergo Chair,1,399.77,15000.0,-0.44,Cash,Corporate
100818,2023-07-24,CUST1098,Customer 129,West,Washington, Office Supplies ,Printer,Canon Pixma,8,528.91,4231.28,1378.79,Debit Card,Consumer
100819,2024-12-04,CUST1228,Customer 217,South,Florida,Technology,Keyboard,Logitech K120,4,1144.98,4579.92,547.41,Cash,Corporate
100820,2024-09-29,CUST1032,Customer 231,West,Washington,Furniture,Desk,Corner Desk,6,455.01,2730.06,504.28,Debit Card,Consumer
100821,2024-06-07,CUST1219,Customer 96,South,Florida,Furniture,Cabinet,Storage Cabinet,1,146.43,146.43,38.67,Cash,Consumer
100822,2023-03-16,CUST1168,Customer 110,East,Massachusetts,Furniture,Desk,Wood Desk,2,21.46,42.92,9.0,PayPal,Home Office
100823,2023-11-26,CUST1142,Customer 39,East,New York,Furniture,Cabinet,File Cabinet,4,637.44,2549.76,-136.89,PayPal,Home Office
100824,2024-03-21,CUST1215,Customer 62,South,Florida,Technology,Monitor,LG 27,8,603.39,4827.12,1668.33,Credit Card,Corporate
100825,2023-06-25,CUST1002,Customer 237,South,Florida,Technology,Laptop,HP Pavilion,1,775.96,775.96,221.34,Cash,Consumer
100826,2024-02-17,CUST1154,Customer 141,West,California,Furniture,Chair,Ergo Chair,8,123.19,985.52,257.35,Cash,Corporate
100827,2024-02-14,CUST1062,Customer 192,West,Washington,Furniture,Chair,Office Chair,5,838.78,4193.9,438.52,Credit Card,Consumer
100828,2023-08-18,CUST1188,Customer 276,West,California,Technology,Laptop,HP Pavilion,7,279.35,1955.45,-118.09,Credit Card,Home Office
100829,2023-02-23,CUST1194,Customer 139,South,Texas,Technology,Laptop,HP Pavilion,2,323.84,647.68,135.73,Debit Card,Consumer
100830,2024-08-20,CUST1267,Customer 271,Central,Illinois,Technology,Keyboard,Logitech K120,7,767.92,5375.44,1078.88,Debit Card,Home Office
100831,2024-05-04,CUST1042,Customer 181,Central,Ohio,Furniture,Bookcase,Oak Bookcase,2,323.94,647.88,21.58,Debit Card,Home Office
100832,2024-10-24,CUST1197,Customer 97,East,New York,Technology,Mouse,Logitech M185,4,25.62,102.48,-0.28,PayPal,Consumer
100833,2023-12-15,CUST1066,Customer 113,East,Massachusetts,Furniture,Bookcase,Modern Bookcase,3,1018.89,3056.67,-160.33,Cash,Corporate
100834,2024-04-08,CUST1295,Customer 53,East,Massachusetts,Technology,Laptop,HP Pavilion,7,205.39,1437.73,54.94,Debit Card,Corporate
100835,2023-04-20,CUST1231,Customer 181,West,California,Technology,Mouse,Logitech M185,5,44.02,220.1,43.55,Cash,Consumer
100836,2024-07-17,CUST1027,Customer 226,West,Washington,Furniture,Desk,Standing Desk,7,607.61,4253.27,546.83,Cash,Corporate
100837,2023-04-11,CUST1141,Customer 272,West,Washington,Office Supplies,Binder,2in Binder,5,235.45,1177.25,-24.15,PayPal,Home Office
100838,2024-03-19,CUST1294,Customer 137,West,California,Office Supplies,Pens,Gel Pens,4,147.07,588.28,178.12,Debit Card,Consumer
100839,2024-06-28,CUST1137,Customer 254,West,Washington,Technology,Mouse,HP Mouse,7,130.55,913.85,210.43,Debit Card,Consumer
100840,2023-07-28,CUST1244,Customer 157,South,Florida,Office Supplies,Printer,Brother HL,1,122.15,122.15,,Debit Card,Consumer
100841,2023-11-19,CUST1219,Customer 172,West,California,Technology,Keyboard,Keychron K2,3,1155.07,3465.21,692.05,Credit Card,Consumer
100842,2023-09-28,CUST1250,Customer 127,West,California,Office Supplies,Paper,Copy Paper,6,1163.75,6982.5,1134.11,PayPal,Consumer
100843,2023-02-16,CUST1171,Customer 232,West,Washington,Technology,Monitor,LG 27,2,128.99,257.98,67.53,PayPal,Home Office
100844,2023-12-26,CUST1170,Customer 266,South,Florida,Furniture,Cabinet,Storage Cabinet,1,995.02,995.02,35.33,PayPal,Consumer
100845,2023-10-04,CUST1295,Customer 221,West,California,Furniture,Desk,Corner Desk,3,435.06,1305.18,-112.37,Cash,Consumer
100846,2023-04-02,CUST1089,Customer 136,East,Massachusetts,Office Supplies,Paper,Premium Paper,8,1184.92,9479.36,2789.22,Cash,Corporate
100847,2024-02-05,CUST1232,Customer 291,Central,Ohio,Furniture,Desk,Standing Desk,6,1002.66,6015.96,-268.72,Cash,Corporate
100848,2023-04-23,CUST1285,Customer 84,West,Washington,Office Supplies,Pens,Ballpoint Pens,3,632.59,1897.77,57.7,Cash,Corporate
100849,2023-10-23,CUST1027,Customer 251,West,Washington, Technology ,Mouse,Logitech M185,4,346.79,1387.16,231.49,Cash,Consumer
100850,2024-03-16,CUST1257,Customer 288,South,Texas,Technology,Keyboard,Logitech K120,6,1055.68,6334.08,1604.86,Debit Card,Consumer
100851,2024-12-31,CUST1181,Customer 128,South,Texas,Office Supplies,Pens,Ballpoint Pens,2,356.05,712.1,-60.91,PayPal,Corporate
100852,2024-02-13,CUST1296,Customer 72,West,Washington,Furniture,Cabinet,Metal Cabinet,7,817.92,5725.44,258.31,Debit Card,Corporate
100853,2023-05-19,CUST1279,Customer 94,Central,Illinois,Furniture,Cabinet,Metal Cabinet,5,684.33,3421.65,625.28,PayPal,Corporate
100854,2023-04-09,CUST1215,Customer 211,East,Massachusetts,Office Supplies,Printer,Brother HL,6,567.37,3404.22,314.72,PayPal,Consumer
100855,2024-07-26,CUST1191,Customer 66,West,Washington,Technology,Monitor,Samsung View,5,946.09,4730.45,762.29,Cash,Consumer
100856,2024-02-07,CUST1138,Customer 55,East,Massachusetts,Office Supplies,Paper,Premium Paper,8,1008.65,8069.2,-499.51,Cash,Home Office
100857,2023-04-10,CUST1027,Customer 105,South,Florida, Office Supplies ,Printer,HP LaserJet,2,891.16,1782.32,362.68,Debit Card,Home Office
100858,2024-05-22,CUST1248,Customer 103,East,New York,Office Supplies,Pens,Ballpoint Pens,5,865.78,4328.9,1391.48,Credit Card,Consumer
100859,2023-01-01,CUST1258,Customer 228,East,New York,Office Supplies,Paper,A4 Paper,4,133.29,533.16,-47.4,PayPal,Consumer
100860,2023-05-05,CUST1063,Customer 222,South,Florida,Furniture,Desk,Standing Desk,5,987.81,4939.05,1020.38,Debit Card,Home Office
100861,2023-01-23,CUST1051,Customer 253,East,New York, Office Supplies ,Pens,Gel Pens,4,576.63,2306.52,70.39,Cash,Home Office
100862,2023-10-09,CUST1145,Customer 235,Central,Ohio,Office Supplies,Paper,Premium Paper,7,978.06,6846.42,-228.16,Credit Card,Home Office
100863,2024-02-03,CUST1234,Customer 142,West,Washington,Technology,Mouse,Logitech M185,6,1155.73,6934.38,766.65,Credit Card,Consumer
100864,2024-01-02,CUST1288,Customer 174,East,Massachusetts,Office Supplies,Binder,Heavy Binder,2,217.65,435.3,-13.87,PayPal,Home Office
100865,2023-05-24,CUST1092,Customer 295,South,Florida,Furniture,Chair,Mesh Chair,8,458.06,3664.48,411.48,Cash,Consumer
100866,2024-12-15,CUST1118,Customer 50,South,Florida,Office Supplies,Binder,2in Binder,1,45.13,45.13,10.37,Credit Card,Corporate
100867,2024-11-26,CUST1215,Customer 33,Central,Ohio,Technology,Monitor,LG 27,3,876.51,2629.53,191.53,Credit Card,Home Office
100868,2023-09-14,CUST1089,Customer 165,West,California,Office Supplies,Paper,Premium Paper,6,731.77,4390.62,1221.93,Credit Card,Home Office
100869,2024-04-05,CUST1115,Customer 104,Central,Illinois,Office Supplies,Pens,Gel Pens,5,594.41,2972.05,610.7,Debit Card,Corporate
100870,2024-06-25,CUST1002,Customer 185,East,New York,Office Supplies,Paper,Copy Paper,2,252.21,504.42,133.42,PayPal,Home Office
100871,2024-07-13,CUST1180,Customer 183,West,Washington,Technology,Mouse,Logitech M185,4,688.74,2754.96,311.81,Debit Card,Consumer
100872,2024-03-25,CUST1026,Customer 277,Central,Ohio,Technology,Laptop,Dell Inspiron 15,5,130.09,650.45,80.93,Cash,Consumer
100873,2023-08-18,CUST1294,Customer 124,South,Florida,Furniture,Cabinet,Metal Cabinet,3,1162.06,3486.18,-231.31,Cash,Corporate
100874,2024-09-25,CUST1102,Customer 172,West,California,Office Supplies,Binder,1in Binder,1,48.41,48.41,4.34,Credit Card,Consumer
100875,2023-07-29,CUST1213,Customer 42,South,Texas,Technology,Mouse,Logitech M185,1,421.56,421.56,-28.73,PayPal,Consumer
100876,2023-10-05,CUST1155,Customer 117,West,California,Technology,Mouse,Dell MS116,4,783.9,3135.6,295.32,Credit Card,Consumer
100877,2023-01-27,CUST1064,Customer 221,East,Massachusetts,Office Supplies,Paper,Copy Paper,8,72.05,576.4,140.96,PayPal,Home Office
100878,2023-05-22,CUST1121,Customer 119,West,Washington,Technology,Keyboard,Keychron K2,4,418.32,1673.28,523.96,Credit Card,Home Office
100879,2023-01-11,CUST1064,Customer 225,East,Massachusetts,Office Supplies,Paper,A4 Paper,4,977.02,3908.08,-256.08,Debit Card,Corporate
100880,2023-02-14,CUST1062,Customer 40,South,Florida,Office Supplies,Pens,Ballpoint Pens,3,731.29,2193.87,253.21,Credit Card,Corporate
100881,2024-07-10,CUST1282,Customer 150,East,Massachusetts,Office Supplies,Printer,HP LaserJet,8,858.63,6869.04,2223.11,Debit Card,Home Office
100882,2023-10-01,CUST1070,Customer 267,South,Texas,Technology,Keyboard,Keychron K2,8,342.94,2743.52,-23.05,Debit Card,Corporate
100883,2024-07-20,CUST1232,Customer 59,East,New York,Furniture,Desk,Standing Desk,4,841.03,3364.12,647.45,Credit Card,Corporate
100884,2023-02-04,CUST1196,Customer 254,South,Florida,Office Supplies,Binder,1in Binder,2,81.07,162.14,46.14,Credit Card,Corporate
100885,2024-01-29,CUST1156,Customer 17,Central,Illinois,Technology,Monitor,Dell UltraSharp,3,795.31,2385.93,333.13,Cash,Consumer
100886,2024-09-15,CUST1218,Customer 30,South,Florida,Office Supplies,Pens,Gel Pens,6,873.69,5242.14,941.95,Credit Card,Home Office
100887,2024-02-02,CUST1121,Customer 68,South,Florida,Furniture,Cabinet,Metal Cabinet,7,566.13,3962.91,1373.85,Credit Card,Corporate
100888,2024-11-29,CUST1137,Customer 129,South,Texas,Technology,Keyboard,Keychron K2,7,55.94,391.58,9.17,Credit Card,Consumer
100889,2023-11-11,CUST1183,Customer 246,South,Florida,Technology,Mouse,HP Mouse,1,533.49,533.49,58.63,Debit Card,Corporate
100890,2023-03-01,CUST1141,Customer 133,West,Washington,Office Supplies,Printer,HP LaserJet,8,223.97,1791.76,438.42,PayPal,Consumer
100891,2023-08-21,CUST1259,Customer 226,East,New York,Office Supplies,Paper,A4 Paper,2,788.97,1577.94,-26.96,Cash,Consumer
100892,2024-07-20,CUST1180,Customer 277,East,New York,Office Supplies,Printer,Canon Pixma,1,817.28,817.28,233.64,Credit Card,Home Office
100893,2023-08-29,CUST1190,Customer 213,South,Texas,Technology,Mouse,Logitech M185,2,292.0,584.0,27.22,Credit Card,Home Office
100894,2024-03-12,CUST1191,Customer 241,South,Texas,Technology,Keyboard,Dell KB216,6,408.63,2451.78,205.12,Cash,Home Office
100895,2023-02-01,CUST1160,Customer 262,East,Massachusetts,Technology,Keyboard,Logitech K120,1,136.42,136.42,-0.66,Cash,Consumer
100896,2024-01-23,CUST1280,Customer 215,West,California,Furniture,Chair,Ergo Chair,4,682.83,2731.32,953.27,Credit Card,Home Office
100897,2023-02-22,CUST1185,Customer 119,Central,Ohio,Furniture,Cabinet,Metal Cabinet,5,1094.17,5470.85,262.1,PayPal,Corporate
100898,2023-04-29,CUST1185,Customer 248,East,Massachusetts,Office Supplies,Binder,1in Binder,2,428.86,857.72,109.39,Debit Card,Corporate
100899,2024-03-04,CUST1174,Customer 161,East,New York,Office Supplies,Pens,Ballpoint Pens,3,730.6,2191.8,565.78,Credit Card,Consumer
100900,2024-02-23,CUST1007,Customer 86,Central,Illinois,Office Supplies,Binder,Heavy Binder,4,1080.85,4323.4,1272.73,Credit Card,Corporate
100901,2023-09-27,CUST1067,Customer 264,Central,Illinois,Technology,Laptop,HP Pavilion,1,831.16,831.16,287.14,PayPal,Corporate
100902,2023-12-29,CUST1172,Customer 56,East,Massachusetts,Office Supplies,Pens,Marker Pack,5,151.65,758.25,230.39,Credit Card,Consumer
100903,2023-12-30,CUST1068,Customer 94,Central,Ohio,Office Supplies,Binder,Heavy Binder,7,354.26,2479.82,284.43,Credit Card,Consumer
100904,2023-01-08,CUST1049,Customer 119,South,Florida,Furniture,Cabinet,Storage Cabinet,3,615.31,1845.93,303.91,Cash,Corporate
100905,2023-12-16,CUST1021,Customer 108,West,Washington,Furniture,Cabinet,Storage Cabinet,6,911.19,5467.14,1799.13,PayPal,Home Office
100906,2023-10-12,CUST1114,Customer 87,South,Texas,Furniture,Cabinet,Metal Cabinet,2,352.53,705.06,83.89,Cash,Corporate
100907,2024-09-12,CUST1086,Customer 15,West,California,Office Supplies,Printer,HP LaserJet,2,256.14,512.28,142.13,Credit Card,Home Office
100908,2024-07-04,CUST1218,Customer 228,East,New York,Furniture,Chair,Office Chair,4,345.39,1381.56,451.14,Debit Card,Corporate
100909,2023-10-30,CUST1142,Customer 60,West,California,Furniture,Bookcase,Cube Shelf,5,113.37,566.85,-21.79,Cash,Consumer
100910,2023-08-16,CUST1037,Customer 162,West,Washington, Technology ,Keyboard,Keychron K2,8,760.44,6083.52,795.6,Credit Card,Corporate
100911,2023-04-13,CUST1112,Customer 101,South,Texas,Office Supplies,Paper,Copy Paper,1,302.64,302.64,49.59,Cash,Corporate
100912,2023-06-05,CUST1264,Customer 110,Central,Illinois,Office Supplies,Binder,1in Binder,3,246.3,738.9,217.34,Credit Card,Corporate
100913,2023-03-10,CUST1298,Customer 121,Central,Illinois,Office Supplies,Pens,Gel Pens,7,828.7,5800.9,1021.08,Cash,Corporate
100914,2024-06-27,CUST1182,Customer 279,East,Massachusetts,Technology,Keyboard,Dell KB216,8,593.36,4746.88,871.11,PayPal,Corporate
100915,2023-04-09,CUST1090,Customer 238,East,New York,Furniture,Bookcase,Cube Shelf,6,304.4,1826.4,166.55,Cash,Home Office
100916,2023-04-27,CUST1014,Customer 149,South,Florida,Office Supplies,Pens,Ballpoint Pens,8,725.26,5802.08,1214.08,Cash,Home Office
100917,2023-08-09,CUST1217,Customer 205,Central,Illinois,Office Supplies,Printer,Canon Pixma,6,499.36,2996.16,791.18,Cash,Consumer
100918,2023-10-02,CUST1085,Customer 275,Central,Illinois,Furniture,Chair,Office Chair,8,497.68,3981.44,627.58,Debit Card,Home Office
100919,2023-04-23,CUST1170,Customer 181,South,Texas,Office Supplies,Paper,Copy Paper,1,964.87,964.87,-57.3,Credit Card,Home Office
100920,2023-02-20,CUST1082,Customer 192,East,Massachusetts,Office Supplies,Pens,Gel Pens,7,1033.07,7231.49,23.14,Cash,Corporate
100921,2023-08-09,CUST1021,Customer 81,East,New York,Technology,Laptop,Lenovo ThinkPad,2,606.78,1213.56,310.8,Cash,Corporate
100922,2023-01-25,CUST1205,Customer 68,East,New York,Technology,Keyboard,Dell KB216,2,977.47,1954.94,136.92,Cash,Consumer
100923,2023-03-20,CUST1200,Customer 100,West,Washington,Technology,Laptop,Lenovo ThinkPad,3,123.71,371.13,61.12,Cash,Corporate
100924,2024-03-11,CUST1241,Customer 193,West,Washington,Furniture,Bookcase,Oak Bookcase,2,324.48,648.96,126.69,Cash,Corporate
100925,2023-04-06,CUST1125,Customer 196,East,Massachusetts,Office Supplies,Printer,Canon Pixma,5,1090.12,5450.6,762.77,Credit Card,Corporate
100926,2024-02-08,CUST1189,Customer 245,South,Texas,Furniture,Desk,Corner Desk,1,482.84,482.84,2.15,Credit Card,Home Office
100927,2023-11-15,CUST1127,Customer 43,South,Texas, Office Supplies ,Paper,A4 Paper,3,257.14,771.42,249.9,Debit Card,Corporate
100928,2024-09-23,CUST1077,Customer 19,Central,Illinois,Technology,Mouse,HP Mouse,7,380.63,2664.41,138.66,Cash,Home Office
100929,2024-08-01,CUST1120,Customer 165,Central,Illinois,Furniture,Desk,Corner Desk,8,659.25,5274.0,215.48,PayPal,Home Office
100930,2024-05-09,CUST1062,Customer 86,West,California,Furniture,Chair,Office Chair,3,910.7,2732.1,-73.93,Debit Card,Corporate
100931,2023-04-27,CUST1214,Customer 205,West,Washington,Furniture,Desk,Corner Desk,8,176.44,1411.52,,Credit Card,Corporate
100932,2023-05-01,CUST1084,Customer 73,Central,Ohio,Office Supplies,Printer,Brother HL,6,741.97,4451.82,299.32,Cash,Home Office
100933,2024-12-02,CUST1069,Customer 85,East,Massachusetts,Office Supplies,Printer,Canon Pixma,8,260.63,2085.04,101.29,PayPal,Consumer
100934,2023-11-22,CUST1048,Customer 276,Central,Illinois,Technology,Mouse,Logitech M185,1,381.09,381.09,-5.92,PayPal,Corporate
100935,2023-04-07,CUST1176,Customer 8,West,Washington,Office Supplies,Pens,Gel Pens,6,767.25,4603.5,1369.56,Debit Card,Corporate
100936,2023-10-19,CUST1110,Customer 144,Central,Ohio,Furniture,Bookcase,Cube Shelf,4,102.2,408.8,-12.84,Debit Card,Corporate
100937,2024-07-31,CUST1242,Customer 108,West,California,Office Supplies,Binder,1in Binder,5,1160.32,5801.6,1344.63,Debit Card,Consumer
100938,2023-08-26,CUST1039,Customer 27,East,New York,Office Supplies,Pens,Gel Pens,3,575.8,1727.4,-172.55,Debit Card,Home Office
100939,2024-03-26,CUST1197,Customer 243,Central,Ohio,Furniture,Cabinet,File Cabinet,2,296.52,593.04,45.64,Cash,Corporate
100940,2024-06-18,CUST1286,Customer 227,South,Texas,Office Supplies,Pens,Gel Pens,5,856.5,4282.5,1190.3,PayPal,Home Office
100941,2023-09-14,CUST1177,Customer 218,West,Washington,Office Supplies,Printer,HP LaserJet,1,1040.7,1040.7,296.51,Debit Card,Home Office
100942,2024-07-27,CUST1099,Customer 3,East,Massachusetts, Furniture ,Desk,Corner Desk,1,243.04,243.04,15.18,Cash,Corporate
100943,2023-04-07,CUST1245,Customer 204,South,Florida,Office Supplies,Paper,Copy Paper,5,49.9,249.5,5.92,Credit Card,Home Office
100944,2024-12-22,CUST1232,Customer 252,South,Florida,Office Supplies,Paper,Copy Paper,1,1037.19,1037.19,329.21,Debit Card,Corporate
100945,2024-10-25,CUST1067,Customer 43,West,California,Furniture,Chair,Mesh Chair,3,849.71,2549.13,-51.98,PayPal,Consumer
100946,2023-02-27,CUST1008,Customer 171,Central,Illinois,Furniture,Chair,Mesh Chair,5,1180.25,5901.25,-74.46,Cash,Home Office
100947,2023-06-23,CUST1256,Customer 76,South,Texas,Office Supplies,Binder,1in Binder,1,87.3,87.3,23.68,Cash,Consumer
100948,2023-06-26,CUST1001,Customer 160,Central,Illinois,Furniture,Desk,Corner Desk,7,215.83,1510.81,356.66,Cash,Home Office
100949,2023-12-26,CUST1093,Customer 45,West,Washington,Furniture,Chair,Mesh Chair,8,114.91,919.28,287.83,Debit Card,Corporate
100950,2024-08-28,CUST1126,Customer 158,West,California,Technology,Monitor,Samsung View,6,557.82,3346.92,986.47,Debit Card,Home Office
100951,2023-05-16,CUST1115,Customer 97,South,Texas,Furniture,Cabinet,Metal Cabinet,5,177.11,885.55,37.19,Cash,Consumer
100952,2023-07-01,CUST1178,Customer 268,south,Florida,Office Supplies,Binder,1in Binder,2,592.96,1185.92,190.24,PayPal,Home Office
100953,2024-12-04,CUST1147,Customer 107,East,New York,Office Supplies,Binder,2in Binder,4,1192.57,4770.28,454.29,Cash,Home Office
100954,2024-05-30,CUST1059,Customer 265,South,Texas,Office Supplies,Pens,Ballpoint Pens,4,566.55,2266.2,-194.55,Debit Card,Corporate
100955,2023-05-24,CUST1183,Customer 5,Central,Ohio,Furniture,Bookcase,Modern Bookcase,1,393.62,393.62,-20.83,Debit Card,Corporate
100956,2024-05-01,CUST1095,Customer 12,South,Florida,Office Supplies,Paper,A4 Paper,6,374.47,2246.82,247.33,PayPal,Home Office
100957,2024-04-12,CUST1205,Customer 154,Central,Ohio,Furniture,Desk,Wood Desk,6,725.12,4350.72,509.69,Credit Card,Consumer
100958,2024-06-03,CUST1085,Customer 154,West,Washington,Furniture,Cabinet,File Cabinet,7,715.76,5010.32,-131.21,Debit Card,Home Office
100959,2023-05-23,CUST1084,Customer 236,East,Massachusetts,Technology,Laptop,HP Pavilion,3,963.77,2891.31,307.7,Credit Card,Home Office
100960,2023-06-01,CUST1046,Customer 126,East,New York,Furniture,Cabinet,Metal Cabinet,3,291.06,873.18,-7.43,Debit Card,Home Office
100961,2024-07-22,CUST1108,Customer 242,South,Texas,Furniture,Desk,Wood Desk,2,570.25,1140.5,238.43,PayPal,Corporate
100962,2024-12-24,CUST1144,Customer 218,East,New York,Furniture,Desk,Wood Desk,3,485.86,1457.58,,PayPal,Home Office
100963,2023-03-15,CUST1174,Customer 257,South,Florida,Office Supplies,Paper,A4 Paper,3,923.73,2771.19,183.2,Credit Card,Home Office
100964,2024-09-05,CUST1222,Customer 48,Central,Illinois,Office Supplies,Pens,Gel Pens,8,233.68,1869.44,-9.25,Cash,Corporate
100965,2024-10-31,CUST1133,Customer 216,East,Massachusetts,Technology,Keyboard,Keychron K2,7,813.57,5694.99,662.29,Debit Card,Consumer
100966,2024-02-12,CUST1006,Customer 83,West,Washington,Technology,Keyboard,Dell KB216,2,790.48,1580.96,129.66,Cash,Consumer
100967,2024-08-11,CUST1217,Customer 133,Central,Ohio,Technology,Mouse,Dell MS116,7,512.72,3589.04,-270.86,Credit Card,Home Office
100968,2024-04-06,CUST1217,Customer 273,South,Florida,Office Supplies,Printer,Brother HL,6,142.89,857.34,-16.74,PayPal,Home Office
100969,2023-03-23,CUST1020,Customer 63,East,New York,Furniture,Cabinet,Metal Cabinet,8,527.52,4220.16,460.6,PayPal,Corporate
100970,2024-01-11,CUST1136,Customer 92,West,Washington,Furniture,Bookcase,Cube Shelf,5,922.53,4612.65,-412.42,Cash,Corporate
100971,2024-03-03,CUST1018,Customer 273,West,Washington,Furniture,Cabinet,File Cabinet,1,718.98,718.98,43.69,PayPal,Consumer
100972,2023-06-29,CUST1234,Customer 125,West,California,Technology,Monitor,Samsung View,8,523.01,4184.08,98.8,PayPal,Consumer
100973,2023-03-20,CUST1040,Customer 173,South,Florida,Technology,Monitor,Samsung View,2,464.48,928.96,316.89,Cash,Corporate
100974,2024-02-15,CUST1059,Customer 99,West,California,Office Supplies,Printer,Brother HL,2,1005.86,2011.72,191.21,Cash,Corporate
100975,2024-09-22,CUST1095,Customer 142,East,New York,Furniture,Bookcase,Oak Bookcase,7,337.0,2359.0,495.36,Credit Card,Home Office
100976,2024-02-13,CUST1066,Customer 141,East,Massachusetts,Furniture,Chair,Office Chair,4,32.28,129.12,11.16,Cash,Corporate
100977,2024-09-05,CUST1235,Customer 216,South,Texas,Technology,Monitor,LG 27,6,273.06,1638.36,286.92,Cash,Home Office
100978,2024-02-03,CUST1255,Customer 108,Central,Illinois,Furniture,Cabinet,Storage Cabinet,6,988.93,5933.58,-188.09,Debit Card,Home Office
100979,2024-02-04,CUST1106,Customer 272,South,Florida,Technology,Laptop,Lenovo ThinkPad,8,677.98,5423.84,300.4,Cash,Corporate
100980,2023-10-26,CUST1180,Customer 290,South,Florida,Office Supplies,Binder,2in Binder,3,753.59,2260.77,-56.45,PayPal,Corporate
100981,2023-01-24,CUST1063,Customer 50,South,Florida,Technology,Mouse,Dell MS116,0,460.33,1380.99,451.54,PayPal,Consumer
100982,2023-08-05,CUST1111,Customer 215,West,Washington,Technology,Monitor,Samsung View,7,664.58,4652.06,271.73,Cash,Corporate
100983,2024-01-07,CUST1230,Customer 81,West,Washington,Office Supplies,Binder,2in Binder,7,598.85,4191.95,455.92,Debit Card,Corporate
100984,2023-10-23,CUST1214,Customer 211,West,Washington,Furniture,Desk,Corner Desk,2,466.19,932.38,180.79,Debit Card,Home Office
100985,2023-01-30,CUST1127,Customer 86,East,New York,Office Supplies,Paper,Copy Paper,7,1135.13,7945.91,367.57,PayPal,Home Office
100986,2023-04-04,CUST1188,Customer 123,South,Texas,Office Supplies,Binder,Heavy Binder,4,1021.87,4087.48,-111.91,Debit Card,Corporate
100987,2024-12-30,CUST1125,Customer 228,East,Massachusetts,Technology,Keyboard,Logitech K120,1,256.34,256.34,27.56,Debit Card,Consumer
100988,2024-04-17,CUST1208,Customer 267,West,Washington,Technology,Monitor,Dell UltraSharp,2,18.19,36.38,-3.11,PayPal,Corporate
100989,2023-03-14,CUST1030,Customer 150,Central,Ohio,Office Supplies,Paper,Copy Paper,1,531.84,531.84,144.92,PayPal,Home Office
100990,2023-02-10,CUST1296,Customer 58,South,Florida,Office Supplies,Binder,1in Binder,2,133.31,266.62,74.97,Debit Card,Corporate
100991,2024-02-27,CUST1037,Customer 235,South,Texas,Technology,Mouse,Logitech M185,5,125.58,627.9,118.62,PayPal,Consumer
100992,2023-09-24,CUST1018,Customer 72,South,Florida,Office Supplies,Binder,1in Binder,8,842.48,6739.84,1049.42,Debit Card,Home Office
100993,2023-10-23,CUST1290,Customer 157,West,California,Furniture,Cabinet,File Cabinet,5,374.93,1874.65,416.41,PayPal,Home Office
100994,2024-03-26,CUST1116,Customer 15,South,Texas,Office Supplies,Pens,Gel Pens,5,1032.39,5161.95,81.49,Debit Card,Home Office
100995,2023-11-07,CUST1176,Customer 80,East,New York,Furniture,Cabinet,File Cabinet,7,577.6,4043.2,1233.18,Cash,Home Office
100996,2024-01-19,CUST1007,Customer 34,Central,Ohio,Office Supplies,Pens,Marker Pack,8,218.71,1749.68,531.4,Cash,Consumer
100997,2023-11-13,CUST1235,Customer 292,East,New York,Technology,Keyboard,Dell KB216,2,783.5,1567.0,94.69,Credit Card,Home Office
100998,2024-06-20,CUST1138,Customer 284,East,New York,Furniture,Chair,Office Chair,2,1142.91,2285.82,293.36,Credit Card,Consumer
100999,2024-04-02,CUST1090,Customer 21,East,New York,Furniture,Desk,Corner Desk,4,281.72,1126.88,251.09,Cash,Home Office
101000,2023-10-12,CUST1299,Customer 298,West,California,Office Supplies,Paper,A4 Paper,5,82.43,412.15,0.99,PayPal,Corporate
101001,2023-04-11,CUST1101,Customer 52,West,Washington,Office Supplies,Paper,A4 Paper,8,148.52,1188.16,-74.23,Debit Card,Home Office
101002,2024-05-13,CUST1233,Customer 1,South,Texas,Office Supplies,Binder,2in Binder,8,935.1,7480.8,-92.32,Cash,Corporate
101003,2024-09-07,CUST1153,Customer 136,South,Florida,Office Supplies,Pens,Ballpoint Pens,8,621.9,4975.2,1632.59,Debit Card,Corporate
101004,2023-10-09,CUST1240,Customer 254,South,Florida,Technology,Monitor,Dell UltraSharp,1,389.86,389.86,131.95,Debit Card,Consumer
101005,2023-03-09,CUST1118,Customer 110,Central,Ohio,Technology,Mouse,HP Mouse,3,240.38,721.14,-36.84,Cash,Home Office
101006,2023-11-09,CUST1080,Customer 99,South,Florida,Technology,Keyboard,Dell KB216,4,689.5,2758.0,-83.93,PayPal,Consumer
101007,2023-06-11,CUST1134,Customer 242,East,Massachusetts,Office Supplies,Binder,Heavy Binder,7,937.91,6565.37,139.33,Cash,Corporate
101008,2023-05-29,CUST1201,Customer 214,South,Florida,Office Supplies,Printer,Brother HL,6,545.15,3270.9,298.91,Credit Card,Corporate
101009,2023-02-26,CUST1106,Customer 132,Central,Ohio,Office Supplies,Pens,Ballpoint Pens,5,33.18,165.9,35.99,Cash,Corporate
101010,2023-01-25,CUST1225,Customer 141,South,Florida,Furniture,Cabinet,File Cabinet,4,958.99,3835.96,682.42,Credit Card,Consumer
101011,2023-09-06,CUST1199,Customer 250,East,Massachusetts,Office Supplies,Binder,Heavy Binder,8,1142.93,9143.44,2980.93,Debit Card,Corporate
101012,2024-09-13,CUST1145,Customer 57,Central,Illinois,Technology,Laptop,Lenovo ThinkPad,6,338.5,2031.0,134.56,PayPal,Consumer
101013,2023-03-17,CUST1224,Customer 126,South,Florida,Technology,Monitor,Samsung View,5,693.16,3465.8,529.67,Cash,Home Office
101014,2024-07-13,CUST1160,Customer 185,South,Florida,Office Supplies,Paper,A4 Paper,2,1046.16,2092.32,449.14,PayPal,Home Office
101015,2023-08-08,CUST1132,Customer 131,East,Massachusetts,Furniture,Desk,Wood Desk,6,406.28,2437.68,499.6,Credit Card,Consumer
101016,2023-05-03,CUST1008,Customer 290,Central,Ohio,Furniture,Bookcase,Oak Bookcase,1,1096.45,1096.45,143.11,PayPal,Consumer
101017,2024-05-31,CUST1285,Customer 58,South,Florida,Furniture,Cabinet,File Cabinet,2,883.98,1767.96,272.95,Debit Card,Home Office
101018,2023-03-31,CUST1077,Customer 170,Central,Illinois,Technology,Mouse,HP Mouse,8,547.03,4376.24,1296.43,Credit Card,Consumer
101019,2024-10-25,CUST1199,Customer 10,South,Florida,Office Supplies,Binder,2in Binder,7,693.94,4857.58,-471.87,Credit Card,Consumer
101020,2023-11-27,CUST1102,Customer 295,EAST,Illinois,Furniture,Desk,Corner Desk,6,643.51,3861.06,749.53,Cash,Home Office
101021,2024-08-13,CUST1020,Customer 66,East,New York,Technology,Monitor,Dell UltraSharp,3,130.07,390.21,54.64,Cash,Consumer
101022,2023-12-02,CUST1119,Customer 112,South,Texas,Office Supplies,Pens,Gel Pens,5,204.31,1021.55,353.41,Cash,Consumer
101023,2023-05-21,CUST1204,Customer 102,Central,Illinois,Furniture,Chair,Office Chair,4,462.7,1850.8,187.05,Debit Card,Corporate
101024,2024-08-27,CUST1183,Customer 163,West,California,Technology,Laptop,Dell Inspiron 15,4,153.23,612.92,73.61,PayPal,Consumer
101025,2023-08-04,CUST1194,Customer 216,West,Washington,Furniture,Cabinet,File Cabinet,2,1134.43,2268.86,-210.4,PayPal,Consumer
101026,2023-12-30,CUST1199,Customer 242,South,Florida,Technology,Mouse,Dell MS116,5,282.94,1414.7,304.93,Credit Card,Corporate
101027,2024-10-24,CUST1240,Customer 20,South,Texas,Technology,Monitor,LG 27,1,162.26,162.26,-4.85,Credit Card,Home Office
101028,2023-08-03,CUST1077,Customer 93,South,Florida,Office Supplies,Binder,2in Binder,7,215.18,1506.26,484.01,Cash,Consumer
101029,2023-06-16,CUST1164,Customer 15,West,Washington,Technology,Keyboard,Keychron K2,6,1091.69,6550.14,126.62,Credit Card,Corporate
101030,2023-01-30,CUST1268,Customer 87,Central,Illinois,Office Supplies,Pens,Ballpoint Pens,1,651.98,651.98,158.51,Debit Card,Consumer
101031,2023-01-16,CUST1212,Customer 275,South,Texas,Technology,Mouse,Logitech M185,2,1162.79,2325.58,253.48,PayPal,Consumer
101032,2024-09-09,CUST1049,Customer 245,West,Washington,Furniture,Bookcase,Cube Shelf,3,394.22,1182.66,169.11,PayPal,Home Office
101033,2024-08-07,CUST1206,Customer 145,East,New York,Technology,Monitor,LG 27,4,794.46,3177.84,744.99,Credit Card,Consumer
101034,2023-08-20,CUST1295,Customer 137,South,Texas,Office Supplies,Printer,Canon Pixma,8,805.34,6442.72,863.08,Debit Card,Corporate
101035,2024-03-08,CUST1093,Customer 8,South,Texas,Office Supplies,Paper,Copy Paper,7,761.94,5333.58,1372.8,Debit Card,Home Office
101036,2023-02-04,CUST1295,Customer 208,East,New York,Furniture,Cabinet,Metal Cabinet,8,585.78,4686.24,256.6,PayPal,Consumer
101037,2024-04-09,CUST1130,Customer 175,South,Florida,Technology,Keyboard,Dell KB216,6,411.33,2467.98,744.43,PayPal,Home Office
101038,2024-04-12,CUST1278,Customer 65,West,Washington,Office Supplies,Printer,HP LaserJet,6,517.55,3105.3,-275.02,Credit Card,Consumer
101039,2024-04-13,CUST1042,Customer 259,West,California,Office Supplies,Printer,HP LaserJet,6,375.37,2252.22,216.83,Debit Card,Corporate
101040,2024-06-07,CUST1077,Customer 289,East,New York,Office Supplies,Pens,Gel Pens,4,882.76,3531.04,209.29,Credit Card,Home Office
101041,2024-01-07,CUST1115,Customer 78,East,New York,Furniture,Desk,Standing Desk,3,765.54,2296.62,658.04,PayPal,Consumer
101042,2023-10-13,CUST1069,Customer 154,West,Washington,Furniture,Bookcase,Modern Bookcase,7,1073.56,7514.92,831.16,Credit Card,Consumer
101043,2023-09-15,CUST1082,Customer 125,South,Texas,Office Supplies,Paper,A4 Paper,7,176.96,1238.72,144.21,PayPal,Consumer
101044,2024-10-23,CUST1141,Customer 72,Central,Ohio,Office Supplies,Pens,Gel Pens,6,93.93,563.58,187.96,PayPal,Consumer
101045,2024-08-22,CUST1060,Customer 267,East,New York,Furniture,Desk,Corner Desk,5,915.1,4575.5,,Cash,Home Office
101046,2023-04-16,CUST1078,,Central,Illinois,Office Supplies,Binder,1in Binder,2,654.1,1308.2,228.3,Cash,Corporate
101047,2023-02-11,CUST1249,Customer 150,Central,Ohio,Technology,Mouse,HP Mouse,3,1052.73,3158.19,666.84,Debit Card,Home Office
101048,2023-04-16,CUST1143,Customer 142,West,Washington,Technology,Mouse,Dell MS116,7,511.79,3582.53,670.39,Cash,Home Office
101049,2024-06-04,CUST1248,Customer 125,South,Florida,Office Supplies,Printer,Canon Pixma,0,25.38,50.76,11.21,PayPal,Consumer
101050,2024-08-28,CUST1195,Customer 22,Central,Ohio,Technology,Mouse,Dell MS116,7,731.89,5123.23,1494.33,Credit Card,Home Office
101051,2024-10-20,CUST1020,Customer 178,West,California,Technology,Monitor,Dell UltraSharp,7,980.19,6861.33,1531.66,PayPal,Corporate
101052,2024-08-10,CUST1168,Customer 51,West,Washington,Office Supplies,Binder,Heavy Binder,1,267.09,267.09,-4.99,Cash,Corporate
101053,2023-01-30,CUST1166,Customer 235,Central,Ohio,Furniture,Cabinet,Storage Cabinet,4,339.19,1356.76,342.81,Cash,Consumer
101054,2023-08-03,CUST1116,Customer 163,South,Florida,Furniture,Desk,Wood Desk,2,407.18,814.36,144.45,Cash,Consumer
101055,2023-04-03,CUST1248,Customer 180,Central,Ohio,Office Supplies,Binder,Heavy Binder,3,910.31,2730.93,-24.67,Cash,Corporate
101056,2024-01-06,CUST1286,Customer 152,East,New York,Furniture,Chair,Ergo Chair,4,702.4,2809.6,868.09,Debit Card,Corporate
101057,2024-09-25,CUST1174,Customer 273,West,California,Technology,Laptop,Lenovo ThinkPad,7,1024.13,7168.91,-246.65,Cash,Corporate
101058,2023-05-17,CUST1020,Customer 126,Central,Illinois,Office Supplies,Printer,Brother HL,2,395.37,790.74,0.93,Debit Card,Home Office
101059,2023-10-08,CUST1074,Customer 7,West,Washington,Technology,Monitor,LG 27,4,534.02,2136.08,566.46,Cash,Consumer
101060,2023-01-22,CUST1294,Customer 199,Central,Ohio,Furniture,Desk,Wood Desk,3,1019.01,3057.03,493.41,Cash,Home Office
101061,2024-01-08,CUST1068,Customer 165,South,Florida,Furniture,Cabinet,Metal Cabinet,6,653.04,3918.24,-255.99,Debit Card,Home Office
101062,2024-08-15,CUST1116,Customer 179,East,New York,Office Supplies,Binder,Heavy Binder,6,134.72,808.32,219.73,Debit Card,Corporate
101063,2023-10-03,CUST1011,Customer 287,West,Washington,Office Supplies,Binder,1in Binder,7,86.94,608.58,211.85,PayPal,Home Office
101064,2024-10-27,CUST1291,Customer 130,West,Washington,Furniture,Desk,Standing Desk,6,87.84,527.04,117.79,Credit Card,Home Office
101065,2024-09-04,CUST1155,Customer 170,Central,Ohio,Office Supplies,Pens,Ballpoint Pens,4,797.54,3190.16,125.76,Debit Card,Home Office
101066,2024-06-04,CUST1061,Customer 37,Central,Illinois,Office Supplies,Printer,HP LaserJet,1,857.42,857.42,52.52,Credit Card,Home Office
101067,2024-02-28,CUST1061,Customer 170,East,New York,Technology,Monitor,LG 27,1,782.79,782.79,96.08,Credit Card,Consumer
101068,2024-02-18,CUST1090,Customer 221,Central,Ohio,Furniture,Bookcase,Oak Bookcase,6,227.76,1366.56,54.71,Cash,Corporate
101069,2023-04-03,CUST1173,Customer 232,East,Massachusetts,Furniture,Desk,Standing Desk,6,1182.91,7097.46,1311.99,Credit Card,Home Office
101070,2023-09-21,CUST1270,Customer 7,West,California,Office Supplies,Paper,Copy Paper,6,123.63,741.78,-73.6,Credit Card,Corporate
101071,2024-01-29,CUST1093,Customer 275,South,Texas,Office Supplies,Printer,HP LaserJet,3,234.29,702.87,126.09,Debit Card,Corporate
101072,2023-04-10,CUST1227,Customer 16,East,Massachusetts,Office Supplies,Pens,Ballpoint Pens,3,613.72,1841.16,490.6,Credit Card,Home Office
101073,2023-05-04,CUST1051,Customer 255,South,Florida,Technology,Keyboard,Dell KB216,3,712.23,2136.69,-52.73,Debit Card,Home Office
101074,2023-06-08,CUST1126,Customer 188,South,Florida,Office Supplies,Binder,1in Binder,2,805.76,1611.52,-113.68,Debit Card,Consumer
101075,2024-05-17,CUST1050,Customer 267,East,Massachusetts,Technology,Keyboard,Logitech K120,8,974.98,7799.84,2412.89,Credit Card,Home Office
101076,2024-11-01,CUST1149,Customer 219,South,Florida,Office Supplies,Pens,Ballpoint Pens,6,171.22,1027.32,250.24,PayPal,Corporate
101077,2024-01-22,CUST1156,Customer 255,West,Washington,Technology,Mouse,Logitech M185,6,677.89,4067.34,709.13,Cash,Home Office
101078,2024-12-16,CUST1273,Customer 15,West,California,Technology,Laptop,HP Pavilion,3,772.71,2318.13,539.35,Credit Card,Corporate
101079,2024-01-30,CUST1091,Customer 261,East,Massachusetts,Office Supplies,Paper,Copy Paper,7,888.86,6222.02,844.91,Cash,Home Office
101080,2024-12-16,CUST1104,Customer 254,West,California,Technology,Mouse,Logitech M185,4,857.77,3431.08,-230.45,Debit Card,Home Office
101081,2024-10-17,CUST1123,Customer 170,West,California,Furniture,Desk,Corner Desk,2,1109.93,2219.86,-217.25,Debit Card,Corporate
101082,2023-08-22,CUST1216,Customer 293,South,Florida,Technology,Monitor,LG 27,4,749.9,2999.6,48.54,Cash,Consumer
101083,2024-10-31,CUST1097,Customer 250,South,Florida,Office Supplies,Paper,Premium Paper,7,458.79,3211.53,896.61,Cash,Home Office
101084,2023-01-11,CUST1081,Customer 251,Central,Illinois,Office Supplies,Binder,2in Binder,4,93.92,375.68,-18.23,Credit Card,Consumer
101085,2024-07-03,CUST1291,Customer 134,South,Texas,Office Supplies,Printer,Brother HL,7,348.92,2442.44,70.58,Credit Card,Consumer
101086,2024-02-09,CUST1245,Customer 56,East,New York,Office Supplies,Binder,2in Binder,3,626.69,1880.07,-157.81,Credit Card,Consumer
101087,2023-02-08,CUST1073,Customer 227,Central,Illinois,Technology,Laptop,Dell Inspiron 15,7,742.23,5195.61,504.75,Credit Card,Home Office
101088,2024-05-30,CUST1128,Customer 90,East,New York,Office Supplies,Printer,HP LaserJet,1,1138.82,1138.82,61.05,Cash,Corporate
101089,2023-07-25,CUST1171,Customer 225,West,Washington,Furniture,Desk,Wood Desk,2,278.03,556.06,101.34,Credit Card,Corporate
101090,2023-03-13,CUST1209,Customer 266,East,Massachusetts,Office Supplies,Pens,Gel Pens,6,77.49,464.94,96.77,Credit Card,Home Office
101091,2023-06-23,CUST1029,Customer 199,South,Florida,Technology,Monitor,LG 27,4,17.02,68.08,-6.7,Credit Card,Consumer
101092,2024-10-05,CUST1230,Customer 122,West,California,Technology,Mouse,Dell MS116,7,346.14,2422.98,429.41,PayPal,Home Office
101093,2023-09-14,CUST1089,Customer 199,South,Florida,Furniture,Desk,Wood Desk,6,276.37,1658.22,48.24,Cash,Consumer
101094,2024-01-12,CUST1116,Customer 206,West,Washington,Furniture,Desk,Standing Desk,8,498.34,3986.72,1179.72,Debit Card,Home Office
101095,2023-12-28,CUST1186,Customer 173,East,Massachusetts,Furniture,Bookcase,Cube Shelf,8,538.23,4305.84,322.07,Cash,Home Office
101096,2024-02-13,CUST1186,Customer 238,East,New York,Technology,Monitor,Samsung View,4,686.38,2745.52,896.69,PayPal,Corporate
101097,2024-10-21,CUST1211,Customer 27,South,Texas,Furniture,Desk,Wood Desk,2,655.97,1311.94,135.84,Debit Card,Consumer
101098,2023-12-12,CUST1290,Customer 89,East,Massachusetts,Office Supplies,Binder,2in Binder,8,38.36,306.88,-2.18,Cash,Home Office
101099,2024-11-27,CUST1066,Customer 250,East,Massachusetts,Office Supplies,Pens,Gel Pens,7,386.62,2706.34,28.59,Cash,Home Office
101100,2024-09-19,CUST1169,Customer 47,West,California,Technology,Laptop,Dell Inspiron 15,1,1105.0,1105.0,321.84,Cash,Corporate
101101,2023-07-27,CUST1243,Customer 174,East,New York,Furniture,Chair,Office Chair,6,704.3,4225.8,1152.44,Debit Card,Corporate
101102,2023-11-07,CUST1081,Customer 288,West,California,Technology,Monitor,Dell UltraSharp,2,643.44,1286.88,229.36,PayPal,Home Office
101103,2023-10-15,CUST1195,Customer 243,East,New York,Office Supplies,Pens,Ballpoint Pens,2,909.25,1818.5,-70.89,PayPal,Corporate
101104,2023-06-24,CUST1290,Customer 177,West,Washington,Furniture,Desk,Wood Desk,1,1164.65,1164.65,379.64,Cash,Consumer
101105,2024-01-14,CUST1100,Customer 165,West,California,Technology,Keyboard,Dell KB216,7,1100.95,7706.65,-385.82,Cash,Home Office
101106,2023-03-27,CUST1143,Customer 267,South,Florida,Technology,Mouse,Logitech M185,6,1022.99,6137.94,-83.41,Credit Card,Corporate
101107,2023-11-23,CUST1172,Customer 21,East,New York,Office Supplies,Pens,Marker Pack,5,323.1,1615.5,562.63,Cash,Home Office
101108,2024-11-03,CUST1194,Customer 103,Central,Illinois,Furniture,Chair,Ergo Chair,1,884.22,884.22,-80.78,PayPal,Corporate
101109,2024-02-02,CUST1217,Customer 209,West,Washington,Office Supplies,Binder,1in Binder,6,965.74,5794.44,1646.39,Cash,Consumer
101110,2023-12-21,CUST1043,Customer 164,South,Texas,Furniture,Cabinet,Storage Cabinet,2,1096.9,2193.8,687.64,Credit Card,Consumer
101111,2023-05-12,CUST1044,Customer 39,West,California,Technology,Monitor,Dell UltraSharp,2,193.27,386.54,100.75,Credit Card,Home Office
101112,2023-01-14,CUST1062,Customer 29,South,Texas,Technology,Mouse,Dell MS116,6,945.5,5673.0,-297.12,Debit Card,Consumer
101113,2023-03-25,CUST1025,Customer 41,East,New York,Office Supplies,Paper,A4 Paper,7,952.0,6664.0,32.55,PayPal,Corporate
101114,2024-10-02,CUST1031,Customer 227,East,Massachusetts,Technology,Mouse,Dell MS116,3,568.36,1705.08,390.81,Debit Card,Home Office
101115,2023-01-07,CUST1038,Customer 97,West,California,Technology,Keyboard,Logitech K120,4,842.96,3371.84,729.3,Debit Card,Corporate
101116,2023-08-22,CUST1218,Customer 129,East,Massachusetts,Office Supplies,Printer,Brother HL,7,612.92,4290.44,121.98,Cash,Home Office
101117,2023-09-04,CUST1030,Customer 221,West,Washington,Furniture,Desk,Standing Desk,1,84.71,84.71,4.65,Credit Card,Home Office
101118,2024-04-01,CUST1163,Customer 231,West,California,Furniture,Cabinet,File Cabinet,2,687.35,1374.7,312.36,Cash,Home Office
101119,2024-05-06,CUST1180,Customer 210,South,Florida,Furniture,Bookcase,Cube Shelf,4,281.45,1125.8,-26.18,PayPal,Corporate
101120,2023-11-29,CUST1012,Customer 72,Central,Ohio,Furniture,Bookcase,Oak Bookcase,3,888.05,2664.15,195.83,Cash,Corporate
101121,2024-10-09,CUST1111,Customer 49,East,Massachusetts,Furniture,Chair,Office Chair,3,189.74,569.22,185.41,Credit Card,Corporate
101122,2024-04-28,CUST1281,Customer 143,East,Massachusetts,Furniture,Desk,Standing Desk,8,476.76,3814.08,139.54,Debit Card,Consumer
101123,2024-05-13,CUST1165,Customer 245,Central,Ohio,Furniture,Desk,Wood Desk,1,430.51,430.51,-22.51,Cash,Consumer
101124,2023-08-29,CUST1159,Customer 220,Central,Illinois,Furniture,Bookcase,Oak Bookcase,5,761.5,3807.5,199.37,Credit Card,Home Office
101125,2023-05-13,CUST1032,Customer 10,South,Florida,Office Supplies,Printer,Brother HL,3,449.79,1349.37,454.32,PayPal,Corporate
101126,2024-03-03,CUST1295,Customer 170,East,New York,Furniture,Desk,Wood Desk,8,946.3,7570.4,1133.65,Debit Card,Consumer
101127,2023-11-26,CUST1048,Customer 197,East,New York,Technology,Mouse,Dell MS116,8,1069.76,8558.08,351.37,Debit Card,Home Office
101128,2023-11-26,CUST1141,Customer 74,West,Washington,Furniture,Cabinet,Metal Cabinet,8,473.6,3788.8,,Cash,Consumer
101129,2024-04-30,CUST1074,Customer 140,East,New York,Office Supplies,Paper,Premium Paper,6,991.56,5949.36,696.96,Cash,Corporate
101130,2023-11-18,CUST1258,Customer 145,East,New York,Office Supplies,Paper,Premium Paper,1,885.24,885.24,-10.87,Debit Card,Corporate
101131,2024-03-09,CUST1215,Customer 41,West,Washington,Furniture,Desk,Standing Desk,5,40.09,200.45,38.73,,Corporate
101132,2023-06-01,CUST1140,Customer 234,Central,Ohio,Office Supplies,Pens,Marker Pack,8,912.57,7300.56,-376.09,Cash,Consumer
101133,2024-12-24,CUST1282,Customer 245,Central,Ohio,Technology,Monitor,Dell UltraSharp,1,157.46,157.46,45.74,Cash,Consumer
101134,2023-11-19,CUST1017,Customer 145,Central,Illinois,Office Supplies,Binder,Heavy Binder,6,480.69,2884.14,135.48,Cash,Home Office
101135,2024-08-05,CUST1052,Customer 268,West,California,Office Supplies,Pens,Ballpoint Pens,2,1113.07,2226.14,-82.46,Debit Card,Home Office
101136,2023-08-29,CUST1205,Customer 280,West,Washington,Furniture,Cabinet,Metal Cabinet,7,418.85,2931.95,-201.4,Credit Card,Home Office
101137,2024-03-02,CUST1133,Customer 117,Central,Illinois,Office Supplies,Paper,A4 Paper,8,199.28,1594.24,387.79,Debit Card,Consumer
101138,2024-10-22,CUST1078,Customer 71,West,California,Office Supplies,Pens,Ballpoint Pens,1,60.19,60.19,,Cash,Corporate
101139,2024-02-01,CUST1281,Customer 35,Central,Illinois,Office Supplies,Printer,Canon Pixma,1,806.87,806.87,,Credit Card,Consumer
101140,2024-08-26,CUST1188,Customer 261,West,California,Technology,Mouse,Logitech M185,6,845.17,5071.02,820.05,Debit Card,Corporate
101141,2023-08-06,CUST1103,Customer 132,East,New York,Office Supplies,Printer,Canon Pixma,6,617.95,3707.7,-104.04,Cash,Consumer
101142,2023-12-01,CUST1262,Customer 208,South,Florida,Technology,Keyboard,Keychron K2,1,540.2,540.2,181.23,Debit Card,Consumer
101143,2023-04-26,CUST1155,Customer 185,West,Washington,Technology,Monitor,LG 27,5,1001.19,5005.95,1018.17,PayPal,Consumer
101144,2024-10-25,CUST1170,Customer 106,south,Massachusetts,Technology,Laptop,HP Pavilion,1,267.54,267.54,-4.97,PayPal,Home Office
101145,2024-02-02,CUST1127,Customer 40,South,Florida,Furniture,Desk,Wood Desk,8,677.39,5419.12,153.93,Credit Card,Consumer
101146,2023-02-01,CUST1081,Customer 50,south,California,Furniture,Chair,Office Chair,8,463.89,3711.12,577.64,Credit Card,Corporate
101147,2023-08-09,CUST1017,Customer 62,East,Massachusetts,Office Supplies,Printer,HP LaserJet,5,506.81,2534.05,-227.87,Cash,Consumer
101148,2023-09-27,CUST1120,Customer 234,Central,Illinois,Technology,Laptop,HP Pavilion,3,27.07,81.21,-4.97,,Corporate
101149,2023-01-24,CUST1019,Customer 255,Central,Illinois,Office Supplies,Pens,Gel Pens,2,483.07,966.14,67.48,PayPal,Corporate
101150,2024-02-27,CUST1144,Customer 246,East,New York,Office Supplies,Paper,Copy Paper,2,1151.72,2303.44,678.06,Debit Card,Corporate
101151,2023-01-25,CUST1222,Customer 287,South,Texas,Technology,Mouse,Logitech M185,1,1049.49,1049.49,289.58,PayPal,Consumer
101152,2023-02-18,CUST1190,Customer 283,South,Florida,Technology,Keyboard,Keychron K2,8,658.06,5264.48,357.83,Debit Card,Corporate
101153,2024-10-16,CUST1075,Customer 254,South,Florida,Technology,Mouse,HP Mouse,8,1180.38,9443.04,2316.29,PayPal,Corporate
101154,2024-03-18,CUST1084,Customer 22,West,Washington,Technology,Keyboard,Keychron K2,8,546.41,4371.28,623.54,Cash,Home Office
101155,2024-10-02,CUST1202,Customer 42,East,Massachusetts,Office Supplies,Pens,Marker Pack,3,1172.91,3518.73,902.64,PayPal,Consumer
101156,2024-05-28,CUST1171,Customer 251,West,California,Office Supplies,Paper,Premium Paper,3,890.26,2670.78,555.0,Credit Card,Corporate
101157,2024-01-18,CUST1115,Customer 233,Central,Ohio,Technology,Keyboard,Dell KB216,7,828.48,5799.36,1998.33,Debit Card,Home Office
101158,2023-07-12,CUST1107,Customer 278,West,California,Furniture,Desk,Standing Desk,5,297.78,1488.9,123.21,Credit Card,Consumer
101159,2023-01-25,CUST1034,Customer 130,West,California,Furniture,Chair,Ergo Chair,3,994.91,2984.73,615.5,PayPal,Consumer
101160,2024-03-08,CUST1244,Customer 22,South,Florida,Technology,Keyboard,Keychron K2,7,456.15,3193.05,117.2,PayPal,Consumer
101161,2024-05-26,CUST1275,Customer 51,South,Florida,Technology,Keyboard,Dell KB216,8,1034.8,8278.4,601.76,PayPal,Home Office
101162,2024-08-24,CUST1129,Customer 279,South,Florida,Technology,Mouse,Logitech M185,8,913.27,7306.16,-445.14,Credit Card,Consumer
101163,2023-09-09,CUST1231,Customer 111,West,Washington,Furniture,Cabinet,Metal Cabinet,8,50.87,406.96,16.04,PayPal,Consumer
101164,2023-01-11,CUST1198,Customer 275,East,New York,Office Supplies,Binder,2in Binder,3,561.18,1683.54,359.79,Credit Card,Corporate
101165,2024-08-22,CUST1218,Customer 57,West,Washington,Technology,Mouse,HP Mouse,3,57.38,172.14,29.35,Debit Card,Consumer
101166,2023-07-23,CUST1093,Customer 115,Central,Ohio,Technology,Laptop,HP Pavilion,3,929.23,2787.69,-223.73,Cash,Home Office
101167,2024-08-20,CUST1288,Customer 13,Central,Illinois,Office Supplies,Binder,Heavy Binder,2,130.83,261.66,-9.77,PayPal,Corporate
101168,2024-01-11,CUST1223,Customer 286,Central,Illinois,Office Supplies,Printer,Brother HL,2,508.16,1016.32,-86.29,PayPal,Consumer
101169,2023-03-08,CUST1070,Customer 62,West,Washington,Office Supplies,Printer,Canon Pixma,7,613.47,4294.29,40.6,Credit Card,Consumer
101170,2023-03-30,CUST1094,Customer 299,East,New York,Furniture,Cabinet,File Cabinet,5,578.68,2893.4,974.76,PayPal,Consumer
101171,2024-07-27,CUST1190,Customer 31,West,California,Technology,Monitor,Dell UltraSharp,3,898.5,2695.5,204.37,Credit Card,Consumer
101172,2024-06-21,CUST1096,Customer 244,South,Texas,Furniture,Desk,Wood Desk,4,1034.1,4136.4,1077.74,PayPal,Corporate
101173,2023-08-08,CUST1034,Customer 245,West,California,Furniture,Chair,Ergo Chair,3,1030.84,3092.52,-106.9,Credit Card,Home Office
101174,2023-06-18,CUST1021,Customer 165,East,Massachusetts,Office Supplies,Printer,HP LaserJet,5,493.61,2468.05,588.8,PayPal,Consumer
101175,2023-07-17,CUST1260,Customer 209,South,Florida,Furniture,Desk,Corner Desk,3,580.45,1741.35,569.81,Debit Card,Consumer
101176,2024-09-05,CUST1074,Customer 21,South,Florida,Technology,Mouse,Dell MS116,1,506.61,506.61,77.39,Cash,Corporate
101177,2024-02-07,CUST1240,Customer 262,South,Florida,Office Supplies,Printer,Canon Pixma,6,1104.0,6624.0,1887.31,PayPal,Corporate
101178,2024-12-05,CUST1032,Customer 129,East,Massachusetts,Furniture,Chair,Mesh Chair,8,1170.52,9364.16,1308.48,Cash,Corporate
101179,2023-10-23,CUST1171,Customer 266,East,Massachusetts,Furniture,Desk,Corner Desk,4,424.73,1698.92,64.32,PayPal,Corporate
101180,2023-09-28,CUST1277,Customer 284,Central,Illinois,Office Supplies,Pens,Marker Pack,5,236.06,1180.3,246.32,Cash,Consumer
101181,2024-04-18,CUST1172,Customer 94,East,New York,Office Supplies,Printer,Brother HL,4,254.82,1019.28,260.4,PayPal,Corporate
101182,2023-09-09,CUST1036,Customer 130,Central,Ohio,Office Supplies,Printer,Brother HL,8,649.52,5196.16,-177.43,Credit Card,Corporate
101183,2024-07-17,CUST1298,Customer 142,Central,Illinois,Technology,Monitor,Dell UltraSharp,8,551.17,4409.36,1525.13,PayPal,Consumer
101184,2023-09-30,CUST1061,Customer 72,West,Washington,Office Supplies,Binder,Heavy Binder,2,576.88,1153.76,85.49,Debit Card,Consumer
101185,2024-01-06,CUST1216,Customer 105,West,California,Technology,Keyboard,Logitech K120,5,161.63,808.15,-45.94,Credit Card,Home Office
101186,2024-08-03,CUST1112,Customer 293,West,California,Technology,Keyboard,Dell KB216,5,348.18,1740.9,14.46,Cash,Home Office
101187,2023-12-29,CUST1104,Customer 278,East,New York,Technology,Keyboard,Logitech K120,3,968.8,2906.4,788.52,Credit Card,Consumer
101188,2023-04-04,CUST1084,Customer 89,South,Florida,Technology,Laptop,Dell Inspiron 15,7,272.96,1910.72,204.02,Debit Card,Corporate
101189,2023-04-20,CUST1041,Customer 210,West,California,Office Supplies,Printer,Canon Pixma,7,540.94,3786.58,16.97,PayPal,Corporate
101190,2023-06-03,CUST1175,Customer 165,Central,Ohio,Technology,Keyboard,Logitech K120,8,529.61,4236.88,1244.86,Credit Card,Corporate
101191,2024-06-03,CUST1193,Customer 87,Central,Ohio,Office Supplies,Pens,Ballpoint Pens,3,847.11,2541.33,433.12,PayPal,Consumer
101192,2023-08-12,CUST1240,Customer 13,South,Florida,Furniture,Cabinet,Metal Cabinet,5,1079.16,5395.8,381.75,Debit Card,Home Office
101193,2024-12-15,CUST1223,Customer 229,West,Washington,Office Supplies,Paper,Premium Paper,6,437.83,2626.98,-238.47,PayPal,Consumer
101194,2024-03-23,CUST1299,Customer 265,South,Florida,Technology,Keyboard,Keychron K2,5,579.45,2897.25,-69.99,Debit Card,Consumer
101195,2024-01-26,CUST1025,Customer 129,South,Texas,Technology,Laptop,Lenovo ThinkPad,3,119.93,359.79,76.6,Credit Card,Home Office
101196,2023-09-19,CUST1209,Customer 160,Central,Illinois,Furniture,Desk,Wood Desk,5,1046.5,5232.5,-85.24,Debit Card,Home Office
101197,2023-03-10,CUST1216,Customer 86,East,New York,Office Supplies,Paper,Copy Paper,3,353.01,1059.03,118.2,Debit Card,Consumer
101198,2023-07-20,CUST1188,Customer 92,West,California,Technology,Keyboard,Logitech K120,2,937.08,1874.16,279.34,Debit Card,Home Office
101199,2023-07-11,CUST1201,Customer 70,WEST,New York,Furniture,Desk,Wood Desk,1,606.09,606.09,183.45,Debit Card,Consumer
101200,2024-04-25,CUST1056,Customer 128,East,New York,Technology,Keyboard,Dell KB216,5,560.26,2801.3,293.37,Debit Card,Home Office
101201,2024-09-12,CUST1202,Customer 282,West,California,Furniture,Desk,Standing Desk,5,558.32,2791.6,724.36,PayPal,Home Office
101202,2024-04-22,CUST1037,Customer 189,South,Florida,Furniture,Bookcase,Oak Bookcase,8,160.23,1281.84,-107.18,Cash,Consumer
101203,2024-09-10,CUST1008,Customer 111,Central,Ohio,Furniture,Cabinet,Storage Cabinet,1,384.31,384.31,-4.07,PayPal,Home Office
101204,2023-05-31,CUST1224,Customer 130,Central,Illinois,Office Supplies,Printer,Canon Pixma,4,179.36,717.44,218.98,,Corporate
101205,2024-04-22,CUST1074,Customer 52,Central,Ohio,Technology,Mouse,Logitech M185,7,1151.95,8063.65,83.98,Cash,Corporate
101206,2023-02-24,CUST1244,Customer 21,South,Florida,Furniture,Bookcase,Oak Bookcase,5,432.18,2160.9,282.33,PayPal,Consumer
101207,2023-12-27,CUST1138,Customer 31,South,Texas,Furniture,Desk,Standing Desk,2,183.67,367.34,80.81,Credit Card,Home Office
101208,2023-08-12,CUST1188,Customer 27,South,Texas,Furniture,Bookcase,Cube Shelf,8,422.84,3382.72,158.8,Credit Card,Corporate
101209,2024-05-14,CUST1136,Customer 74,Central,Illinois,Office Supplies,Paper,A4 Paper,7,402.88,2820.16,624.45,Debit Card,Consumer
101210,2023-04-06,CUST1099,Customer 215,Central,Ohio,Furniture,Desk,Standing Desk,1,370.46,370.46,121.92,Debit Card,Corporate
101211,2023-06-05,CUST1247,Customer 34,Central,Ohio,Technology,Laptop,Dell Inspiron 15,3,1032.02,3096.06,60.31,Debit Card,Corporate
101212,2023-06-19,CUST1132,Customer 296,Central,Illinois,Technology,Mouse,HP Mouse,6,1022.21,6133.26,2024.29,Cash,Home Office
101213,2024-11-11,CUST1247,Customer 140,South,Texas,Office Supplies,Printer,Brother HL,4,279.18,1116.72,-100.5,Cash,Home Office
101214,2023-11-04,CUST1112,Customer 128,Central,Ohio,Technology,Keyboard,Keychron K2,2,990.64,1981.28,296.71,PayPal,Consumer
101215,2023-04-11,CUST1246,Customer 34,South,Florida,Office Supplies,Binder,1in Binder,6,365.91,2195.46,20.03,Cash,Consumer
101216,2024-03-22,CUST1157,Customer 121,Central,Ohio,Technology,Mouse,HP Mouse,1,407.21,407.21,27.15,PayPal,Corporate
101217,2024-02-10,CUST1081,Customer 168,East,Massachusetts,Furniture,Desk,Wood Desk,4,736.58,2946.32,-76.01,PayPal,Consumer
101218,2023-04-14,CUST1077,Customer 27,West,California,Office Supplies,Paper,A4 Paper,7,596.25,4173.75,-243.99,Credit Card,Corporate
101219,2023-07-01,CUST1084,Customer 159,West,California,Furniture,Cabinet,File Cabinet,6,802.61,4815.66,-291.91,Cash,Consumer
101220,2023-02-09,CUST1251,Customer 56,West,California,Office Supplies,Paper,A4 Paper,3,1077.5,3232.5,875.64,Cash,Home Office
101221,2023-10-26,CUST1263,Customer 50,West,Washington,Technology,Laptop,HP Pavilion,5,197.3,986.5,245.87,PayPal,Home Office
101222,2023-08-18,CUST1183,Customer 261,South,Texas,Furniture,Cabinet,File Cabinet,3,836.94,2510.82,664.42,Cash,Corporate
101223,2024-10-31,CUST1079,Customer 19,Central,Ohio,Technology,Keyboard,Dell KB216,6,260.55,1563.3,168.18,Credit Card,Consumer
101224,2024-08-24,CUST1170,Customer 164,West,California,Technology,Mouse,Logitech M185,3,870.1,2610.3,70.78,Debit Card,Home Office
101225,2024-05-08,CUST1186,Customer 81,Central,Ohio,Technology,Keyboard,Dell KB216,4,1075.75,4303.0,840.3,PayPal,Consumer
101226,2023-12-20,CUST1203,Customer 166,West,California,Technology,Keyboard,Keychron K2,3,976.9,2930.7,318.21,PayPal,Consumer
101227,2023-12-01,CUST1249,Customer 172,Central,Ohio,Office Supplies,Pens,Gel Pens,3,1145.6,3436.8,299.38,Debit Card,Consumer
101228,2023-05-24,CUST1184,Customer 176,East,Massachusetts,Furniture,Desk,Corner Desk,3,507.27,1521.81,375.72,Cash,Corporate
101229,2023-01-03,CUST1258,Customer 141,West,Washington,Office Supplies,Pens,Gel Pens,3,405.7,1217.1,239.04,PayPal,Home Office
101230,2024-08-27,CUST1022,Customer 146,East,Massachusetts,Office Supplies,Paper,Premium Paper,5,651.16,3255.8,781.71,Cash,Consumer
101231,2024-02-22,CUST1114,Customer 231,West,Washington,Furniture,Bookcase,Modern Bookcase,4,1108.48,4433.92,1222.26,Cash,Corporate
101232,2024-10-29,CUST1113,Customer 231,West,California,Office Supplies,Printer,Canon Pixma,5,15.1,75.5,0.24,Debit Card,Corporate
101233,2023-01-03,CUST1156,Customer 27,Central,Illinois,Technology,Keyboard,Dell KB216,7,29.45,206.15,59.96,PayPal,Home Office
101234,2023-08-07,CUST1007,Customer 220,South,Texas,Technology,Mouse,Dell MS116,6,220.91,1325.46,258.79,Credit Card,Corporate
101235,2024-10-24,CUST1131,Customer 213,East,Massachusetts,Technology,Laptop,Dell Inspiron 15,5,211.14,1055.7,33.3,Debit Card,Corporate
101236,2023-07-28,CUST1062,Customer 2,East,Massachusetts,Technology,Keyboard,Keychron K2,2,100.71,201.42,-6.04,Debit Card,Consumer
101237,2023-10-04,CUST1142,Customer 43,East,New York,Furniture,Cabinet,Metal Cabinet,8,617.83,4942.64,576.11,Cash,Consumer
101238,2023-12-28,CUST1044,Customer 33,East,Massachusetts,Technology,Keyboard,Dell KB216,1,1093.99,1093.99,195.99,Debit Card,Consumer
101239,2023-12-17,CUST1221,Customer 54,East,New York,Furniture,Cabinet,Metal Cabinet,6,1025.67,6154.02,1579.73,PayPal,Consumer
101240,2023-06-21,CUST1253,Customer 286,East,Massachusetts,Office Supplies,Paper,Copy Paper,4,1003.07,4012.28,1284.77,PayPal,Corporate
101241,2023-11-26,CUST1190,Customer 174,South,Texas,Technology,Laptop,HP Pavilion,4,14.43,57.72,3.46,PayPal,Home Office
101242,2023-01-08,CUST1283,Customer 283,South,Florida,Technology,Monitor,LG 27,2,715.53,1431.06,161.77,Cash,Consumer
101243,2024-10-01,CUST1028,Customer 154,West,Washington,Technology,Keyboard,Dell KB216,7,359.21,2514.47,720.13,Debit Card,Home Office
101244,2023-09-22,CUST1255,Customer 158,Central,Illinois,Furniture,Cabinet,Storage Cabinet,2,1170.4,2340.8,149.12,Cash,Corporate
101245,2023-01-24,CUST1051,Customer 186,West,Washington,Furniture,Desk,Corner Desk,2,1044.71,2089.42,666.81,Credit Card,Consumer
101246,2023-09-28,CUST1025,Customer 142,South,Florida,Technology,Monitor,Samsung View,4,702.85,2811.4,-181.4,Cash,Home Office
101247,2024-07-08,CUST1215,Customer 48,West,Washington,Office Supplies,Printer,HP LaserJet,7,905.24,6336.68,-517.5,Cash,Corporate
101248,2023-02-23,CUST1207,Customer 278,East,New York,Technology,Laptop,Dell Inspiron 15,8,60.6,484.8,128.12,Credit Card,Corporate
101249,2023-06-12,CUST1111,Customer 65,East,New York,Furniture,Desk,Standing Desk,2,760.7,1521.4,-140.61,Debit Card,Home Office
101250,2024-11-29,CUST1220,Customer 109,East,Massachusetts,Technology,Keyboard,Dell KB216,4,596.26,2385.04,,PayPal,Consumer
101251,2024-06-24,CUST1127,Customer 64,South,Florida,Technology,Mouse,Dell MS116,7,1093.79,7656.53,225.47,PayPal,Corporate
101252,2024-10-25,CUST1295,Customer 95,Central,Illinois,Technology,Mouse,Dell MS116,4,898.67,3594.68,758.78,Credit Card,Home Office
101253,2023-09-12,CUST1068,Customer 112,East,New York,Technology,Monitor,Samsung View,1,880.19,880.19,182.93,Cash,Consumer
101254,2024-08-11,CUST1228,Customer 74,West,California,Office Supplies,Paper,Copy Paper,1,501.89,501.89,26.91,Debit Card,Home Office
101255,2024-10-25,CUST1074,Customer 106,West,Washington,Furniture,Bookcase,Cube Shelf,5,537.66,2688.3,-25.01,PayPal,Corporate
101256,2023-07-12,CUST1081,,East,Massachusetts,Furniture,Cabinet,Storage Cabinet,1,310.01,310.01,29.45,Credit Card,Home Office
101257,2024-04-14,CUST1007,Customer 243,South,Texas,Furniture,Chair,Office Chair,3,347.3,1041.9,-21.17,Credit Card,Home Office
101258,2024-04-10,CUST1244,Customer 200,South,Florida,Office Supplies,Pens,Ballpoint Pens,4,829.23,15000.0,79.7,Cash,Consumer
101259,2024-05-06,CUST1282,Customer 261,East,Massachusetts,Technology,Laptop,Dell Inspiron 15,8,467.65,3741.2,1286.68,Debit Card,Consumer
101260,2023-10-02,CUST1290,Customer 55,South,Florida,Office Supplies,Paper,Premium Paper,5,898.22,4491.1,-408.08,Debit Card,Corporate
101261,2023-09-16,CUST1283,Customer 215,East,New York,Office Supplies,Binder,Heavy Binder,1,187.42,187.42,-17.09,Cash,Consumer
101262,2024-05-07,CUST1102,Customer 206,East,New York,Technology,Keyboard,Dell KB216,7,308.89,15000.0,566.65,Cash,Consumer
101263,2024-01-25,CUST1272,Customer 171,Central,Illinois,Technology,Keyboard,Logitech K120,6,434.69,2608.14,629.91,PayPal,Consumer
101264,2024-03-17,CUST1211,Customer 274,West,California,Technology,Monitor,LG 27,7,1041.2,7288.4,-56.62,Credit Card,Consumer
101265,2024-11-28,CUST1209,Customer 62,Central,Illinois,Technology,Monitor,LG 27,6,125.26,751.56,11.58,Cash,Home Office
101266,2024-08-25,CUST1274,Customer 124,Central,Illinois,Technology,Keyboard,Logitech K120,2,121.28,242.56,3.07,Credit Card,Corporate
101267,2024-12-06,CUST1051,Customer 46,South,Texas,Office Supplies,Paper,Premium Paper,4,956.91,3827.64,1145.85,Debit Card,Home Office
101268,2023-10-12,CUST1049,Customer 293,West,Washington,Office Supplies,Printer,Canon Pixma,8,671.98,5375.84,-140.13,Credit Card,Home Office
101269,2023-10-09,CUST1107,Customer 102,East,New York,Technology,Monitor,Samsung View,1,881.6,881.6,-10.46,Debit Card,Corporate
101270,2024-04-16,CUST1187,Customer 154,West,Washington,Technology,Monitor,LG 27,2,873.64,1747.28,394.58,PayPal,Consumer
101271,2024-12-05,CUST1215,Customer 56,West,California,Furniture,Bookcase,Oak Bookcase,3,455.7,1367.1,191.21,Credit Card,Consumer
101272,2023-08-05,CUST1266,Customer 285,West,California,Furniture,Chair,Office Chair,4,842.63,3370.52,-84.99,Cash,Corporate
101273,2023-06-11,CUST1109,Customer 11,East,Massachusetts,Furniture,Desk,Corner Desk,8,342.22,2737.76,46.82,Debit Card,Corporate
101274,2023-10-30,CUST1273,Customer 58,Central,Ohio,Technology,Laptop,Lenovo ThinkPad,3,1081.99,3245.97,10.98,PayPal,Corporate
101275,2024-10-27,CUST1025,Customer 261,East,New York,Office Supplies,Pens,Marker Pack,4,960.74,3842.96,31.58,Credit Card,Consumer
101276,2024-07-05,CUST1091,Customer 23,West,Washington,Office Supplies,Paper,Premium Paper,5,405.17,2025.85,-78.44,PayPal,Corporate
101277,2023-07-30,CUST1279,Customer 42,East,New York,Office Supplies,Paper,Copy Paper,3,753.56,2260.68,-153.4,Cash,Corporate
101278,2023-06-18,CUST1015,Customer 43,South,Florida,Technology,Laptop,Dell Inspiron 15,1,932.61,932.61,196.69,Cash,Consumer
101279,2024-10-14,CUST1190,Customer 30,West,California,Office Supplies,Pens,Ballpoint Pens,2,532.39,1064.78,322.02,Credit Card,Home Office
101280,2023-06-03,CUST1043,Customer 280,South,Florida,Furniture,Chair,Mesh Chair,5,905.51,4527.55,78.61,Debit Card,Home Office
101281,2024-11-15,CUST1021,Customer 161,Central,Ohio,Furniture,Chair,Ergo Chair,3,990.98,2972.94,89.31,PayPal,Corporate
101282,2023-02-11,CUST1125,Customer 194,Central,Ohio,Technology,Laptop,Lenovo ThinkPad,1,13.33,13.33,0.23,Cash,Home Office
101283,2023-12-16,CUST1120,Customer 212,West,Washington,Office Supplies,Printer,Brother HL,3,492.17,1476.51,226.42,Debit Card,Corporate
101284,2024-06-07,CUST1192,Customer 22,East,Massachusetts,Furniture,Chair,Office Chair,5,987.68,4938.4,1250.96,Credit Card,Home Office
101285,2024-04-26,CUST1008,Customer 270,West,Washington,Technology,Monitor,Dell UltraSharp,8,745.53,5964.24,1514.53,Debit Card,Consumer
101286,2023-03-08,CUST1284,Customer 271,West,Washington,Technology,Laptop,HP Pavilion,5,1003.53,5017.65,-221.18,Credit Card,Corporate
101287,2024-10-02,CUST1096,Customer 271,South,Texas,Office Supplies,Binder,1in Binder,4,623.64,2494.56,174.97,Credit Card,Corporate
101288,2023-10-02,CUST1087,Customer 268,East,New York,Office Supplies,Paper,A4 Paper,7,746.7,5226.9,,Cash,Corporate
101289,2023-11-01,CUST1270,Customer 221,East,New York,Technology,Mouse,Dell MS116,3,448.23,1344.69,304.37,Debit Card,Consumer
101290,2023-11-14,CUST1080,Customer 182,South,Texas,Furniture,Chair,Office Chair,5,1135.09,5675.45,1045.61,Cash,Corporate
101291,2023-02-13,CUST1011,Customer 44,East,Massachusetts,Technology,Keyboard,Keychron K2,3,359.66,1078.98,357.84,PayPal,Corporate
101292,2023-11-12,CUST1256,Customer 266,Central,Ohio,Furniture,Chair,Ergo Chair,2,448.36,896.72,134.72,Debit Card,Corporate
101293,2023-12-06,CUST1029,Customer 150,East,Massachusetts,Office Supplies,Paper,Copy Paper,6,54.67,328.02,68.58,Debit Card,Consumer
101294,2023-08-10,CUST1113,Customer 73,East,Massachusetts,Technology,Keyboard,Dell KB216,6,1061.34,6368.04,-286.68,Credit Card,Consumer
101295,2023-04-07,CUST1046,Customer 102,Central,Ohio,Office Supplies,Paper,Copy Paper,1,731.68,731.68,-7.77,PayPal,Consumer
101296,2023-05-18,CUST1258,Customer 255,Central,Ohio,Technology,Laptop,HP Pavilion,1,870.8,870.8,287.62,Cash,Corporate
101297,2023-04-08,CUST1015,Customer 55,Central,Ohio,Office Supplies,Paper,A4 Paper,3,258.36,775.08,-68.24,Cash,Corporate
101298,2023-04-25,CUST1145,Customer 62,East,New York,Technology,Mouse,HP Mouse,8,767.83,6142.64,760.51,PayPal,Consumer
101299,2024-09-27,CUST1063,Customer 270,East,Massachusetts,Furniture,Cabinet,Metal Cabinet,1,100.74,100.74,17.29,Cash,Consumer
101300,2024-07-06,CUST1071,Customer 209,South,Texas,Technology,Mouse,Dell MS116,8,418.11,3344.88,-294.79,Debit Card,Consumer
101301,2023-06-11,CUST1047,Customer 131,East,New York,Technology,Monitor,Dell UltraSharp,0,408.88,2044.4,180.36,Credit Card,Home Office
101302,2023-10-29,CUST1252,Customer 203,East,Massachusetts,Office Supplies,Paper,Premium Paper,1,935.84,935.84,48.54,PayPal,Corporate
101303,2023-02-17,CUST1028,Customer 267,West,California,Office Supplies,Pens,Ballpoint Pens,1,1127.23,1127.23,366.05,Debit Card,Corporate
101304,2024-02-04,CUST1108,Customer 52,Central,Illinois,Technology,Mouse,Logitech M185,8,96.49,771.92,249.44,Debit Card,Consumer
101305,2023-09-18,CUST1248,Customer 218,South,Florida,Technology,Mouse,Dell MS116,3,529.13,1587.39,-81.04,Debit Card,Home Office
101306,2023-08-04,CUST1270,Customer 230,South,Florida,Office Supplies,Paper,A4 Paper,4,371.77,1487.08,222.38,Debit Card,Corporate
101307,2023-11-02,CUST1063,Customer 28,East,Massachusetts,Office Supplies,Pens,Ballpoint Pens,1,262.23,262.23,49.91,Credit Card,Home Office
101308,2024-01-15,CUST1033,Customer 149,Central,Illinois,Office Supplies,Paper,Copy Paper,6,1191.9,7151.4,1154.09,Cash,Home Office
101309,2023-07-06,CUST1192,Customer 152,West,Washington,Furniture,Desk,Wood Desk,7,922.29,6456.03,1018.26,PayPal,Consumer
101310,2024-06-18,CUST1075,Customer 170,South,Texas,Office Supplies,Printer,Brother HL,7,767.76,5374.32,838.09,Credit Card,Corporate
101311,2023-01-22,CUST1114,Customer 151,South,Texas,Technology,Monitor,LG 27,3,1008.63,3025.89,796.37,Debit Card,Corporate
101312,2024-02-18,CUST1234,Customer 214,West,Washington,Office Supplies,Paper,Copy Paper,8,194.45,15000.0,292.62,Credit Card,Home Office
101313,2024-03-28,CUST1185,Customer 125,East,New York,Furniture,Desk,Corner Desk,4,397.68,1590.72,315.19,Debit Card,Home Office
101314,2024-07-28,CUST1289,Customer 223,West,Washington,Technology,Keyboard,Keychron K2,2,1178.1,2356.2,,Cash,Consumer
101315,2024-07-16,CUST1281,Customer 196,East,Massachusetts,Office Supplies,Printer,Brother HL,3,526.63,1579.89,31.15,PayPal,Corporate
101316,2024-02-21,CUST1074,Customer 98,EAST,California,Technology,Mouse,HP Mouse,2,809.69,1619.38,337.72,Cash,Home Office
101317,2023-12-11,CUST1159,Customer 261,West,Washington,Technology,Keyboard,Keychron K2,3,296.31,888.93,229.64,Cash,Home Office
101318,2023-02-11,CUST1200,Customer 200,West,California,Furniture,Desk,Standing Desk,1,804.58,804.58,105.6,Credit Card,Consumer
101319,2023-04-30,CUST1013,Customer 25,Central,Illinois,Technology,Laptop,Lenovo ThinkPad,4,979.03,3916.12,198.46,Credit Card,Corporate
101320,2024-06-24,CUST1232,Customer 209,West,Washington,Technology,Keyboard,Dell KB216,2,1030.83,2061.66,92.01,Debit Card,Home Office
101321,2024-06-18,CUST1143,Customer 139,East,Massachusetts,Office Supplies,Binder,Heavy Binder,3,69.86,209.58,13.78,Credit Card,Corporate
101322,2024-03-27,CUST1210,Customer 67,Central,Ohio,Furniture,Desk,Standing Desk,8,1063.67,8509.36,1929.15,Debit Card,Corporate
101323,2023-01-20,CUST1034,Customer 135,West,Washington,Office Supplies,Binder,1in Binder,1,1178.56,1178.56,182.02,Credit Card,Corporate
101324,2024-06-20,CUST1160,Customer 184,South,Texas,Technology,Monitor,LG 27,8,286.21,2289.68,736.72,Debit Card,Consumer
101325,2023-12-20,CUST1084,Customer 53,Central,Illinois,Furniture,Chair,Office Chair,1,253.85,253.85,88.4,Credit Card,Home Office
101326,2023-06-17,CUST1162,Customer 68,West,Washington,Technology,Monitor,Dell UltraSharp,4,991.95,3967.8,1352.21,PayPal,Corporate
101327,2024-07-13,CUST1151,Customer 158,South,Florida,Technology,Monitor,LG 27,8,98.46,787.68,157.96,Cash,Home Office
101328,2023-02-20,CUST1048,Customer 221,East,Massachusetts,Technology,Monitor,Dell UltraSharp,5,617.22,3086.1,1042.75,Cash,Corporate
101329,2023-02-24,CUST1072,Customer 238,East,Massachusetts,Technology,Keyboard,Logitech K120,7,569.77,3988.39,-204.5,PayPal,Home Office
101330,2024-06-09,CUST1274,Customer 94,East,New York,Technology,Laptop,Dell Inspiron 15,2,1055.04,2110.08,638.13,Credit Card,Home Office
101331,2023-07-18,CUST1224,Customer 120,South,Florida,Technology,Keyboard,Dell KB216,8,943.43,7547.44,1577.8,PayPal,Consumer
101332,2024-07-06,CUST1293,Customer 231,East,New York,Office Supplies,Pens,Marker Pack,6,496.03,2976.18,155.69,Credit Card,Corporate
101333,2024-12-20,CUST1254,Customer 121,Central,Ohio,Office Supplies,Paper,Premium Paper,8,843.13,6745.04,547.68,PayPal,Home Office
101334,2023-05-31,CUST1092,Customer 115,West,Washington,Technology,Mouse,Dell MS116,3,110.38,331.14,92.16,Cash,Corporate
101335,2024-11-21,CUST1053,Customer 136,East,New York,Furniture,Cabinet,Metal Cabinet,6,651.5,3909.0,395.89,PayPal,Home Office
101336,2023-06-03,CUST1020,Customer 286,West,California,Technology,Monitor,Dell UltraSharp,7,1163.01,8141.07,1951.69,Cash,Consumer
101337,2024-03-16,CUST1117,Customer 278,South,Texas,Technology,Monitor,LG 27,6,960.08,5760.48,1890.19,PayPal,Home Office
101338,2024-09-04,CUST1283,Customer 34,South,Florida,Office Supplies,Pens,Ballpoint Pens,6,1016.9,6101.4,1063.95,Credit Card,Corporate
101339,2023-12-22,CUST1278,Customer 206,Central,Ohio,Technology,Mouse,Logitech M185,6,1109.14,6654.84,39.11,PayPal,Corporate
101340,2024-05-04,CUST1032,Customer 237,East,New York,Technology,Mouse,HP Mouse,7,938.5,6569.5,2191.49,PayPal,Home Office
101341,2024-06-28,CUST1078,Customer 67,Central,Ohio,Office Supplies,Pens,Marker Pack,7,611.91,4283.37,956.66,Cash,Home Office
101342,2024-08-13,CUST1095,Customer 122,East,Massachusetts,Office Supplies,Paper,Copy Paper,6,821.06,4926.36,-491.18,Cash,Consumer
101343,2024-12-13,CUST1233,Customer 292,South,Texas,Office Supplies,Printer,Canon Pixma,7,875.95,6131.65,302.56,Credit Card,Consumer
101344,2024-11-20,CUST1093,,West,California,Furniture,Desk,Corner Desk,6,1024.45,6146.7,127.51,PayPal,Corporate
101345,2024-08-30,CUST1068,Customer 273,Central,Illinois,Technology,Keyboard,Dell KB216,5,230.97,1154.85,12.68,Cash,Corporate
101346,2023-08-16,CUST1167,Customer 96,East,New York,Furniture,Bookcase,Oak Bookcase,5,104.73,523.65,108.0,Cash,Home Office
101347,2024-05-09,CUST1113,Customer 176,East,Massachusetts,Furniture,Desk,Corner Desk,3,490.35,1471.05,242.88,Cash,Consumer
101348,2023-08-17,CUST1286,Customer 167,West,Washington,Furniture,Cabinet,Metal Cabinet,8,627.53,5020.24,1658.27,Credit Card,Home Office
101349,2023-11-25,CUST1262,Customer 296,Central,Ohio,Furniture,Desk,Standing Desk,4,374.88,1499.52,270.56,Credit Card,Consumer
101350,2024-05-07,CUST1019,Customer 45,Central,Illinois,Technology,Monitor,Samsung View,6,702.55,4215.3,88.99,Cash,Consumer
101351,2024-02-08,CUST1054,Customer 111,South,Texas,Furniture,Cabinet,Storage Cabinet,2,398.85,797.7,37.89,Debit Card,Corporate
101352,2024-09-26,CUST1008,Customer 137,East,Massachusetts,Furniture,Chair,Ergo Chair,7,542.32,3796.24,162.46,Debit Card,Home Office
101353,2024-10-20,CUST1062,Customer 269,West,Washington,Technology,Laptop,HP Pavilion,3,553.39,1660.17,293.97,PayPal,Home Office
101354,2023-03-03,CUST1285,Customer 179,East,Massachusetts,Technology,Keyboard,Keychron K2,3,289.66,868.98,114.2,PayPal,Consumer
101355,2023-05-21,CUST1226,Customer 144,South,Florida,Furniture,Chair,Office Chair,7,952.83,6669.81,682.99,Cash,Consumer
101356,2023-05-22,CUST1216,Customer 187,Central,Ohio,Office Supplies,Printer,Brother HL,5,654.21,3271.05,172.68,Cash,Home Office
101357,2024-09-20,CUST1219,Customer 171,South,Texas,Office Supplies,Pens,Ballpoint Pens,2,1161.48,2322.96,616.95,Credit Card,Consumer
101358,2023-01-07,CUST1037,Customer 122,West,California,Technology,Keyboard,Keychron K2,4,707.73,2830.92,835.92,Debit Card,Home Office
101359,2023-04-29,CUST1104,Customer 218,South,Florida,Technology,Monitor,LG 27,6,414.52,2487.12,-210.89,Debit Card,Home Office
101360,2023-04-13,CUST1113,Customer 217,South,Florida,Furniture,Bookcase,Cube Shelf,8,181.45,1451.6,483.95,,Home Office
101361,2024-03-27,CUST1085,Customer 189,South,Florida,Technology,Laptop,Dell Inspiron 15,6,1016.7,6100.2,2093.32,Cash,Consumer
101362,2023-03-13,CUST1102,Customer 74,East,New York,Office Supplies,Paper,Copy Paper,3,236.6,709.8,-50.88,Credit Card,Home Office
101363,2023-11-09,CUST1104,Customer 284,West,California,Furniture,Chair,Ergo Chair,4,504.29,2017.16,242.65,PayPal,Corporate
101364,2023-01-25,CUST1179,Customer 246,East,Massachusetts,Furniture,Chair,Mesh Chair,8,220.56,1764.48,-33.0,PayPal,Corporate
101365,2023-09-24,CUST1166,Customer 73,South,Florida,Furniture,Desk,Wood Desk,3,1036.66,3109.98,1007.52,Credit Card,Home Office
101366,2024-11-16,CUST1093,Customer 226,Central,Ohio,Office Supplies,Pens,Marker Pack,2,477.07,954.14,140.47,Credit Card,Home Office
101367,2024-04-25,CUST1289,Customer 299,East,New York,Furniture,Desk,Standing Desk,8,946.78,7574.24,1724.93,Debit Card,Consumer
101368,2023-11-30,CUST1218,Customer 168,west,New York,Technology,Monitor,Samsung View,7,1059.05,7413.35,2445.69,Credit Card,Home Office
101369,2023-11-07,CUST1295,Customer 277,East,New York,Technology,Monitor,Dell UltraSharp,6,845.94,5075.64,50.93,Debit Card,Corporate
101370,2024-07-23,CUST1112,Customer 83,South,Florida,Furniture,Chair,Office Chair,8,887.17,7097.36,2108.82,PayPal,Corporate
101371,2023-09-11,CUST1092,Customer 229,West,Washington,Furniture,Cabinet,File Cabinet,8,737.34,5898.72,1334.66,PayPal,Consumer
101372,2023-07-11,CUST1239,Customer 270,East,Massachusetts,Technology,Monitor,LG 27,6,303.32,1819.92,555.95,PayPal,Home Office
101373,2023-04-26,CUST1050,Customer 69,East,Massachusetts,Office Supplies,Printer,HP LaserJet,4,165.5,662.0,-57.84,Cash,Corporate
101374,2023-02-25,CUST1238,Customer 266,East,New York,Technology,Laptop,HP Pavilion,8,731.83,5854.64,1890.33,PayPal,Corporate
101375,2024-12-01,CUST1031,Customer 21,East,Massachusetts,Office Supplies,Printer,HP LaserJet,4,768.54,3074.16,238.11,Debit Card,Consumer
101376,2023-10-12,CUST1083,Customer 108,South,Texas,Furniture,Chair,Mesh Chair,6,140.28,841.68,-59.02,Credit Card,Consumer
101377,2023-06-02,CUST1261,Customer 99,East,Massachusetts,Office Supplies,Paper,A4 Paper,5,246.62,1233.1,30.5,Credit Card,Home Office
101378,2023-07-21,CUST1074,Customer 204,West,Washington,Furniture,Chair,Ergo Chair,8,120.59,964.72,323.51,Credit Card,Home Office
101379,2023-06-04,CUST1071,Customer 28,East,New York,Technology,Monitor,LG 27,8,498.03,3984.24,951.03,Credit Card,Home Office
101380,2024-11-20,CUST1061,Customer 17,west,California,Technology,Mouse,HP Mouse,2,164.11,328.22,-6.13,PayPal,Consumer
101381,2023-12-18,CUST1172,Customer 107,Central,Illinois,Technology,Monitor,LG 27,5,690.54,3452.7,,Credit Card,Home Office
101382,2023-07-03,CUST1011,Customer 286,Central,Ohio,Office Supplies,Paper,A4 Paper,5,219.6,1098.0,-65.28,PayPal,Home Office
101383,2024-06-21,CUST1008,Customer 100,East,Massachusetts,Technology,Keyboard,Logitech K120,3,719.62,2158.86,148.98,Cash,Corporate
101384,2024-01-25,CUST1117,Customer 233,West,California,Technology,Keyboard,Logitech K120,8,989.96,7919.68,1974.88,Credit Card,Consumer
101385,2023-10-10,CUST1066,Customer 109,East,Massachusetts,Furniture,Cabinet,File Cabinet,6,470.97,2825.82,687.12,Credit Card,Corporate
101386,2023-03-18,CUST1245,Customer 119,East,New York,Technology,Mouse,Logitech M185,7,156.5,1095.5,193.26,PayPal,Corporate
101387,2023-03-03,CUST1116,Customer 67,East,New York,Furniture,Chair,Office Chair,7,1035.74,7250.18,-652.0,Debit Card,Corporate
101388,2024-06-27,CUST1146,Customer 17,West,Washington,Furniture,Cabinet,Metal Cabinet,1,273.99,273.99,60.18,Debit Card,Consumer
101389,2023-05-08,CUST1157,Customer 34,West,Washington,Furniture,Bookcase,Modern Bookcase,8,448.59,3588.72,1083.32,Cash,Corporate
101390,2024-08-27,CUST1070,Customer 129,South,Florida,Furniture,Bookcase,Oak Bookcase,4,309.02,1236.08,344.51,PayPal,Corporate
101391,2023-01-03,CUST1211,Customer 284,West,California,Office Supplies,Paper,A4 Paper,2,56.09,112.18,-9.87,Debit Card,Consumer
101392,2024-04-05,CUST1264,Customer 50,Central,Ohio,Technology,Mouse,Logitech M185,7,624.37,4370.59,633.59,Cash,Corporate
101393,2023-04-20,CUST1021,Customer 210,East,New York,Office Supplies,Paper,Premium Paper,1,561.51,561.51,-6.76,PayPal,Consumer
101394,2023-09-10,CUST1147,Customer 185,West,Washington,Office Supplies,Pens,Ballpoint Pens,2,1162.84,2325.68,618.28,Cash,Corporate
101395,2023-11-04,CUST1093,Customer 179,East,Massachusetts,Technology,Laptop,Lenovo ThinkPad,4,39.5,158.0,24.38,Cash,Corporate
101396,2024-03-12,CUST1102,Customer 207,Central,Ohio,Furniture,Chair,Ergo Chair,2,677.9,1355.8,68.05,Debit Card,Corporate
101397,2023-09-18,CUST1070,Customer 244,Central,Ohio,Furniture,Desk,Standing Desk,6,706.33,4237.98,576.69,Credit Card,Consumer
101398,2023-02-28,CUST1012,Customer 35,South,Florida,Furniture,Bookcase,Oak Bookcase,5,1158.45,5792.25,1054.64,Credit Card,Consumer
101399,2024-04-02,CUST1120,Customer 279,Central,Ohio,Technology,Keyboard,Logitech K120,1,901.34,901.34,16.42,Credit Card,Home Office
101400,2024-07-30,CUST1130,Customer 257,South,Texas,Furniture,Desk,Corner Desk,2,386.83,773.66,-17.44,Credit Card,Home Office
101401,2023-11-01,CUST1224,Customer 62,Central,Ohio,Office Supplies,Binder,Heavy Binder,4,781.15,3124.6,-33.12,PayPal,Corporate
101402,2024-09-09,CUST1025,Customer 249,South,Texas,Furniture,Bookcase,Oak Bookcase,3,267.38,802.14,23.26,PayPal,Home Office
101403,2023-09-30,CUST1263,Customer 149,East,New York,Technology,Keyboard,Keychron K2,3,261.01,783.03,164.43,Credit Card,Home Office
101404,2024-04-01,CUST1071,Customer 14,West,California,Office Supplies,Printer,HP LaserJet,7,1019.26,7134.82,2355.13,Debit Card,Corporate
101405,2023-02-22,CUST1014,Customer 133,Central,Illinois,Technology,Laptop,HP Pavilion,1,1010.82,1010.82,199.48,Credit Card,Home Office
101406,2023-03-27,CUST1011,Customer 276,East,Massachusetts,Office Supplies,Binder,2in Binder,2,109.37,218.74,21.88,Cash,Home Office
101407,2024-06-04,CUST1061,Customer 232,West,California,Office Supplies,Binder,1in Binder,5,646.77,3233.85,-89.51,Cash,Home Office
101408,2024-06-09,CUST1013,Customer 133,East,Massachusetts,Office Supplies,Printer,Canon Pixma,1,651.53,651.53,-47.06,Credit Card,Corporate
101409,2024-04-30,CUST1206,Customer 47,South,Florida,Office Supplies,Paper,A4 Paper,4,462.5,1850.0,-114.13,Credit Card,Consumer
101410,2024-06-07,CUST1296,Customer 245,Central,Ohio,Technology,Mouse,Dell MS116,3,561.4,1684.2,401.63,Credit Card,Corporate
101411,2023-02-14,CUST1181,Customer 219,South,Texas,Office Supplies,Paper,Premium Paper,2,950.24,1900.48,172.16,Credit Card,Corporate
101412,2024-07-19,CUST1054,Customer 236,East,New York,Furniture,Cabinet,File Cabinet,4,406.64,1626.56,113.57,PayPal,Consumer
101413,2023-10-27,CUST1135,Customer 220,West,Washington,Office Supplies,Printer,Brother HL,7,466.64,3266.48,38.85,Credit Card,Corporate
101414,2024-04-08,CUST1072,Customer 82,South,Texas,Technology,Mouse,Logitech M185,3,677.39,2032.17,-109.75,Cash,Home Office
101415,2023-09-06,CUST1256,Customer 117,Central,Ohio,Office Supplies,Pens,Gel Pens,4,326.44,1305.76,104.54,Credit Card,Corporate
101416,2023-05-21,CUST1011,Customer 33,South,Florida,Furniture,Desk,Corner Desk,8,726.31,5810.48,-402.86,Credit Card,Corporate
101417,2023-03-17,CUST1208,Customer 56,East,New York,Office Supplies,Pens,Ballpoint Pens,3,1198.31,3594.93,1052.99,Debit Card,Consumer
101418,2024-05-01,CUST1261,Customer 49,Central,Illinois,Furniture,Desk,Standing Desk,1,1102.84,1102.84,49.13,PayPal,Corporate
101419,2024-12-18,CUST1049,Customer 220,West,California,Furniture,Cabinet,Storage Cabinet,8,182.13,1457.04,-64.03,Cash,Home Office
101420,2023-02-02,CUST1247,Customer 34,East,Massachusetts,Furniture,Chair,Mesh Chair,7,488.46,3419.22,-244.71,Debit Card,Home Office
101421,2023-09-22,CUST1138,Customer 212,West,California,Furniture,Bookcase,Modern Bookcase,3,125.31,375.93,-24.12,Credit Card,Consumer
101422,2023-12-01,CUST1127,Customer 298,East,Massachusetts,Office Supplies,Binder,1in Binder,7,743.6,5205.2,740.6,PayPal,Home Office
101423,2024-09-25,CUST1167,Customer 175,Central,Ohio,Office Supplies,Binder,Heavy Binder,5,829.54,4147.7,1202.96,Cash,Corporate
101424,2024-11-06,CUST1244,Customer 185,West,California,Technology,Monitor,Samsung View,3,79.72,239.16,50.07,Debit Card,Home Office
101425,2024-01-26,CUST1116,Customer 276,West,Washington,Technology,Laptop,HP Pavilion,2,512.75,1025.5,233.5,PayPal,Consumer
101426,2024-03-07,CUST1194,Customer 249,South,Texas,Furniture,Desk,Standing Desk,5,399.91,1999.55,339.47,Credit Card,Consumer
101427,2023-01-26,CUST1192,Customer 141,South,Texas,Furniture,Cabinet,Metal Cabinet,1,359.05,359.05,24.9,PayPal,Corporate
101428,2024-05-24,CUST1159,Customer 162,Central,Illinois,Furniture,Bookcase,Cube Shelf,3,27.08,81.24,20.78,PayPal,Corporate
101429,2024-05-16,CUST1163,Customer 114,Central,Ohio,Office Supplies,Paper,Copy Paper,8,941.2,7529.6,292.41,Debit Card,Home Office
101430,2024-09-15,CUST1066,Customer 95,West,Washington,Technology,Monitor,Dell UltraSharp,5,960.73,4803.65,1412.99,PayPal,Corporate
101431,2024-12-18,CUST1027,Customer 5,South,Texas,Technology,Mouse,Dell MS116,6,728.34,4370.04,245.42,PayPal,Consumer
101432,2023-07-11,CUST1242,Customer 160,West,California,Technology,Keyboard,Logitech K120,8,519.54,4156.32,1232.8,PayPal,Consumer
101433,2023-11-20,CUST1047,Customer 191,West,Washington,Technology,Laptop,Dell Inspiron 15,3,344.31,1032.93,353.85,Cash,Home Office
101434,2024-06-13,CUST1246,Customer 254,Central,Illinois,Technology,Laptop,Dell Inspiron 15,8,710.68,5685.44,1943.8,Debit Card,Consumer
101435,2023-03-23,CUST1134,Customer 85,East,Massachusetts,Furniture,Chair,Office Chair,8,170.54,1364.32,304.55,PayPal,Consumer
101436,2023-05-31,CUST1245,Customer 176,West,California,Technology,Monitor,Samsung View,5,282.28,1411.4,341.38,Debit Card,Corporate
101437,2023-12-21,CUST1263,Customer 90,Central,Illinois,Furniture,Cabinet,File Cabinet,3,448.51,1345.53,25.74,Cash,Consumer
101438,2023-05-07,CUST1130,Customer 157,East,Massachusetts,Furniture,Cabinet,Storage Cabinet,1,47.41,47.41,15.41,Cash,Corporate
101439,2024-10-29,CUST1078,Customer 230,Central,Ohio,Office Supplies,Pens,Gel Pens,2,142.57,285.14,92.67,Cash,Home Office
101440,2024-09-21,CUST1085,Customer 251,Central,Illinois,Furniture,Bookcase,Cube Shelf,4,299.05,1196.2,38.35,Debit Card,Consumer
101441,2023-07-16,CUST1034,Customer 199,Central,Illinois,Technology,Mouse,HP Mouse,1,789.52,789.52,-57.36,Debit Card,Consumer
101442,2023-09-19,CUST1074,Customer 137,South,Texas,Technology,Mouse,Dell MS116,4,396.75,1587.0,230.74,Debit Card,Corporate
101443,2023-08-24,CUST1242,Customer 259,South,Texas,Technology,Laptop,Lenovo ThinkPad,2,861.03,1722.06,134.93,Cash,Home Office
101444,2023-03-10,CUST1133,Customer 135,Central,Ohio,Technology,Keyboard,Keychron K2,5,1100.98,5504.9,1816.51,PayPal,Consumer
101445,2024-06-28,CUST1054,Customer 8,East,Massachusetts,Office Supplies,Paper,Premium Paper,4,545.9,2183.6,552.29,Cash,Consumer
101446,2024-10-21,CUST1290,Customer 297,West,California,Office Supplies,Binder,Heavy Binder,5,1050.22,5251.1,1212.5,PayPal,Home Office
101447,2024-06-24,CUST1230,Customer 71,East,New York,Furniture,Cabinet,Storage Cabinet,3,1006.64,3019.92,-159.77,Cash,Corporate
101448,2023-08-27,CUST1104,Customer 286,West,California,Office Supplies,Binder,Heavy Binder,5,218.29,1091.45,-44.21,Debit Card,Home Office
101449,2024-04-05,CUST1255,Customer 16,East,New York,Technology,Laptop,Dell Inspiron 15,2,1182.54,2365.08,465.42,PayPal,Consumer
101450,2024-08-03,CUST1059,Customer 8,East,New York,Office Supplies,Paper,Copy Paper,4,209.66,838.64,-38.15,Debit Card,Consumer
101451,2023-06-29,CUST1015,Customer 261,West,California,Technology,Mouse,HP Mouse,7,461.49,3230.43,-257.18,PayPal,Home Office
101452,2024-01-31,CUST1147,Customer 32,West,California,Office Supplies,Paper,Premium Paper,4,453.48,1813.92,469.06,Debit Card,Home Office
101453,2023-10-24,CUST1281,Customer 71,South,Texas,Office Supplies,Paper,Copy Paper,1,945.54,945.54,23.04,Debit Card,Corporate
101454,2023-11-13,CUST1008,Customer 235,Central,Ohio,Office Supplies,Paper,A4 Paper,1,246.28,246.28,61.05,PayPal,Consumer
101455,2023-01-04,CUST1023,Customer 224,EAST,Florida,Furniture,Bookcase,Cube Shelf,2,404.37,808.74,247.74,PayPal,Home Office
101456,2024-02-04,CUST1044,Customer 47,Central,Ohio,Technology,Laptop,Dell Inspiron 15,7,1100.21,7701.47,266.4,Debit Card,Corporate
101457,2023-01-02,CUST1267,Customer 8,Central,Ohio,Technology,Mouse,Dell MS116,5,929.19,4645.95,516.84,Cash,Home Office
101458,2023-07-19,CUST1289,Customer 208,Central,Ohio,Office Supplies,Pens,Ballpoint Pens,3,459.73,1379.19,312.42,Debit Card,Corporate
101459,2024-09-13,CUST1289,Customer 61,Central,Illinois,Office Supplies,Pens,Marker Pack,7,674.06,4718.42,632.35,PayPal,Home Office
101460,2024-11-29,CUST1039,Customer 292,Central,Illinois,Furniture,Chair,Office Chair,7,224.93,1574.51,163.89,PayPal,Corporate
101461,2023-01-24,CUST1183,Customer 233,East,New York,Technology,Laptop,Dell Inspiron 15,7,1058.6,7410.2,1806.61,Debit Card,Corporate
101462,2023-01-16,CUST1236,Customer 185,South,Texas,Office Supplies,Paper,Copy Paper,6,1122.08,6732.48,2176.85,Cash,Home Office
101463,2023-11-18,CUST1151,Customer 198,West,Washington,Furniture,Bookcase,Cube Shelf,2,808.45,1616.9,-61.3,Debit Card,Consumer
101464,2023-04-09,CUST1244,Customer 172,East,Massachusetts,Technology,Mouse,Logitech M185,7,326.86,2288.02,-61.27,Credit Card,Corporate
101465,2023-02-24,CUST1023,Customer 164,South,Florida,Furniture,Desk,Standing Desk,6,820.41,4922.46,333.65,PayPal,Home Office
101466,2023-05-10,CUST1025,Customer 33,West,California,Technology,Keyboard,Keychron K2,1,855.26,855.26,-78.57,PayPal,Consumer
101467,2024-12-22,CUST1240,Customer 91,South,Florida,Furniture,Chair,Office Chair,3,261.41,784.23,-30.42,Debit Card,Home Office
101468,2024-09-17,CUST1264,Customer 94,South,Florida,Technology,Laptop,Dell Inspiron 15,8,629.0,5032.0,1637.38,Debit Card,Home Office
101469,2023-09-26,CUST1191,Customer 4,Central,Illinois,Technology,Monitor,Dell UltraSharp,2,473.49,946.98,303.3,PayPal,Consumer
101470,2023-03-02,CUST1237,Customer 56,South,Texas,Technology,Laptop,Lenovo ThinkPad,6,1169.92,7019.52,1226.23,Credit Card,Corporate
101471,2023-07-10,CUST1225,Customer 28,Central,Illinois,Office Supplies,Paper,Copy Paper,6,280.62,1683.72,450.6,Debit Card,Consumer
101472,2023-02-14,CUST1247,Customer 132,West,Washington,Technology,Mouse,Dell MS116,6,819.78,4918.68,-481.68,Credit Card,Home Office
101473,2024-08-10,CUST1211,Customer 285,South,Florida,Office Supplies,Printer,HP LaserJet,3,958.96,2876.88,387.97,Debit Card,Corporate
101474,2023-12-19,CUST1263,Customer 73,East,Massachusetts,Furniture,Bookcase,Oak Bookcase,7,1005.24,7036.68,-424.73,PayPal,Consumer
101475,2023-11-15,CUST1287,Customer 207,West,California,Office Supplies,Paper,A4 Paper,5,405.43,2027.15,-62.48,Debit Card,Home Office
101476,2023-07-07,CUST1123,Customer 173,West,Washington,Furniture,Desk,Corner Desk,6,531.04,3186.24,432.72,Debit Card,Corporate
101477,2024-06-26,CUST1112,Customer 129,West,Washington,Furniture,Bookcase,Oak Bookcase,7,542.89,3800.23,626.01,Cash,Home Office
101478,2024-05-30,CUST1152,Customer 208,East,Massachusetts,Technology,Keyboard,Logitech K120,7,1106.15,7743.05,2005.51,Debit Card,Home Office
101479,2023-02-18,CUST1229,Customer 172,South,Florida,Technology,Mouse,HP Mouse,5,848.58,4242.9,326.97,Cash,Consumer
101480,2024-01-08,CUST1170,Customer 167,Central,Illinois,Technology,Monitor,Samsung View,1,716.94,716.94,102.79,Credit Card,Consumer
101481,2024-05-20,CUST1236,Customer 260,South,Texas,Office Supplies,Paper,A4 Paper,0,1141.74,2283.48,795.91,PayPal,Consumer
101482,2024-09-07,CUST1090,Customer 87,West,California,Furniture,Cabinet,File Cabinet,8,821.55,6572.4,-497.58,Credit Card,Corporate
101483,2024-09-27,CUST1042,Customer 70,South,Texas,Furniture,Cabinet,File Cabinet,2,822.28,1644.56,574.27,Debit Card,Corporate
101484,2023-11-18,CUST1109,Customer 94,South,Texas,Technology,Monitor,Dell UltraSharp,1,103.94,103.94,-5.2,Cash,Home Office
101485,2024-12-03,CUST1252,Customer 52,South,Florida,Office Supplies,Printer,HP LaserJet,8,346.2,2769.6,914.35,PayPal,Home Office
101486,2023-07-15,CUST1033,Customer 25,East,Massachusetts,Office Supplies,Paper,Premium Paper,6,776.26,4657.56,1448.76,Credit Card,Corporate
101487,2023-10-22,CUST1016,Customer 110,East,Massachusetts,Office Supplies,Paper,A4 Paper,2,13.57,27.14,1.54,PayPal,Consumer
101488,2024-06-02,CUST1172,Customer 90,South,Texas,Technology,Keyboard,Dell KB216,2,1146.94,2293.88,793.04,Cash,Corporate
101489,2023-09-07,CUST1249,Customer 292,South,Florida,Technology,Laptop,HP Pavilion,7,94.09,658.63,-48.28,Credit Card,Home Office
101490,2023-01-20,CUST1022,Customer 124,Central,Ohio,Office Supplies,Paper,A4 Paper,7,863.38,6043.66,694.27,PayPal,Home Office
101491,2023-10-01,CUST1191,Customer 116,East,New York, Office Supplies ,Pens,Marker Pack,5,375.04,1875.2,402.23,Credit Card,Consumer
101492,2024-02-07,CUST1178,Customer 6,Central,Ohio,Furniture,Desk,Wood Desk,6,19.58,117.48,-3.25,Credit Card,Corporate
101493,2023-08-06,CUST1130,Customer 95,Central,Ohio,Furniture,Desk,Wood Desk,3,350.18,1050.54,112.11,Credit Card,Home Office
101494,2023-07-11,CUST1016,Customer 293,East,New York,Technology,Keyboard,Keychron K2,2,93.0,186.0,43.11,Credit Card,Home Office
101495,2024-03-07,CUST1077,Customer 60,West,Washington,Technology,Laptop,Lenovo ThinkPad,7,617.42,4321.94,40.36,Credit Card,Corporate
101496,2024-02-07,CUST1233,Customer 172,Central,Illinois,Technology,Laptop,HP Pavilion,6,1149.65,6897.9,2176.9,PayPal,Corporate
101497,2024-08-02,CUST1123,Customer 215,East,New York,Technology,Mouse,HP Mouse,3,480.34,1441.02,5.66,Debit Card,Consumer
101498,2024-12-11,CUST1237,Customer 13,East,Massachusetts,Furniture,Cabinet,File Cabinet,3,102.51,307.53,33.17,Debit Card,Consumer
101499,2024-03-31,CUST1086,Customer 51,West,California,Furniture,Desk,Standing Desk,1,225.31,225.31,21.21,Debit Card,Consumer
101500,2023-12-28,CUST1057,Customer 258,West,Washington,Office Supplies,Paper,Copy Paper,6,683.0,4098.0,390.05,PayPal,Consumer
101501,2024-07-02,CUST1240,Customer 86,South,Florida,Office Supplies,Paper,Copy Paper,6,687.08,4122.48,,Credit Card,Corporate
101502,2024-07-23,CUST1079,Customer 261,West,California,Furniture,Desk,Wood Desk,4,89.93,359.72,122.52,PayPal,Consumer
101503,2024-06-05,CUST1244,Customer 84,South,Florida,Furniture,Chair,Mesh Chair,2,1194.56,2389.12,-90.44,Credit Card,Consumer
101504,2023-07-01,CUST1030,Customer 130,East,Massachusetts,Office Supplies,Pens,Marker Pack,4,170.97,683.88,222.59,Credit Card,Corporate
101505,2023-10-13,CUST1056,Customer 34,Central,Ohio,Office Supplies,Pens,Marker Pack,3,1110.22,3330.66,956.28,PayPal,Corporate
101506,2024-08-14,CUST1025,Customer 142,East,New York,Office Supplies,Pens,Marker Pack,1,161.82,161.82,29.99,Debit Card,Consumer
101507,2023-05-15,CUST1021,Customer 67,East,Massachusetts,Furniture,Cabinet,Metal Cabinet,2,300.0,600.0,133.82,Credit Card,Corporate
101508,2023-12-10,CUST1176,Customer 119,West,Washington,Furniture,Bookcase,Oak Bookcase,1,821.8,821.8,222.87,PayPal,Corporate
101509,2024-04-15,CUST1011,Customer 83,South,Florida,Office Supplies,Paper,Copy Paper,4,167.1,668.4,-45.47,Credit Card,Corporate
101510,2024-11-30,CUST1271,Customer 112,West,Washington,Furniture,Bookcase,Modern Bookcase,1,1034.11,1034.11,-29.36,Credit Card,Consumer
101511,2023-09-27,CUST1103,Customer 61,East,Massachusetts,Technology,Mouse,HP Mouse,3,189.49,568.47,-36.09,PayPal,Corporate
101512,2023-01-15,CUST1020,Customer 197,West,Washington,Furniture,Cabinet,Storage Cabinet,7,558.0,3906.0,933.2,Debit Card,Home Office
101513,2024-02-08,CUST1130,Customer 154,East,New York,Office Supplies,Binder,1in Binder,6,81.93,491.58,79.41,Credit Card,Corporate
101514,2024-03-17,CUST1176,Customer 5,Central,Illinois,Office Supplies,Printer,Brother HL,4,863.56,3454.24,536.78,Cash,Home Office
101515,2024-09-11,CUST1060,Customer 46,Central,Illinois,Furniture,Desk,Standing Desk,3,468.56,1405.68,133.86,Cash,Consumer
101516,2023-09-19,CUST1164,Customer 137,East,Massachusetts,Office Supplies,Pens,Marker Pack,6,1129.6,6777.6,1014.35,Debit Card,Consumer
101517,2024-11-26,CUST1159,Customer 44,West,Washington,Office Supplies,Paper,Copy Paper,7,185.55,1298.85,10.45,PayPal,Corporate
101518,2023-08-14,CUST1095,Customer 188,East,Massachusetts,Technology,Monitor,Samsung View,5,1137.21,5686.05,1923.87,Credit Card,Corporate
101519,2024-06-28,CUST1040,Customer 188,East,New York,Technology,Keyboard,Logitech K120,1,972.61,972.61,8.17,PayPal,Corporate
101520,2023-01-29,CUST1137,Customer 256,South,Florida,Furniture,Bookcase,Modern Bookcase,7,1100.2,7701.4,1183.49,Cash,Corporate
101521,2024-02-16,CUST1138,Customer 202,South,Florida,Technology,Keyboard,Logitech K120,7,451.16,3158.12,355.24,PayPal,Home Office
101522,2024-08-31,CUST1189,Customer 12,Central,Illinois,Furniture,Desk,Wood Desk,3,104.1,312.3,17.01,Credit Card,Home Office
101523,2023-12-07,CUST1294,Customer 196,South,Texas,Furniture,Desk,Wood Desk,3,394.48,1183.44,382.23,PayPal,Corporate
101524,2024-04-02,CUST1060,Customer 137,East,New York,Technology,Laptop,HP Pavilion,5,172.68,863.4,56.62,Debit Card,Corporate
101525,2023-05-06,CUST1212,Customer 60,South,Texas,Office Supplies,Printer,Brother HL,4,304.9,1219.6,370.47,Cash,Corporate
101526,2023-11-13,CUST1009,Customer 16,East,New York,Furniture,Bookcase,Oak Bookcase,8,278.95,2231.6,741.95,Credit Card,Corporate
101527,2024-06-27,CUST1285,Customer 144,South,Texas,Technology,Laptop,Dell Inspiron 15,6,878.57,5271.42,532.34,Cash,Consumer
101528,2023-08-03,CUST1255,Customer 25,South,Florida,Office Supplies,Pens,Ballpoint Pens,8,319.12,2552.96,714.48,Credit Card,Corporate
101529,2023-07-18,CUST1231,Customer 68,East,New York,Office Supplies,Binder,1in Binder,3,274.85,824.55,82.55,PayPal,Corporate
101530,2024-11-29,CUST1023,Customer 183,South,Florida,Technology,Monitor,Dell UltraSharp,1,142.66,142.66,44.22,Debit Card,Corporate
101531,2024-07-03,CUST1247,Customer 92,West,California,Furniture,Cabinet,File Cabinet,1,53.28,53.28,16.75,Debit Card,Consumer
101532,2023-11-13,CUST1293,Customer 64,East,Massachusetts,Furniture,Desk,Standing Desk,7,41.5,290.5,10.31,Debit Card,Corporate
101533,2024-06-25,CUST1179,Customer 79,West,Washington,Technology,Laptop,Dell Inspiron 15,2,245.76,491.52,88.52,PayPal,Consumer
101534,2023-01-28,CUST1109,Customer 121,East,Massachusetts,Technology,Keyboard,Logitech K120,6,1159.97,6959.82,407.23,Debit Card,Consumer
101535,2023-06-04,CUST1242,Customer 114,Central,Illinois,Office Supplies,Pens,Marker Pack,3,11.69,35.07,2.23,Cash,Consumer
101536,2023-05-13,CUST1046,Customer 26,East,Massachusetts,Furniture,Chair,Mesh Chair,6,1166.67,7000.02,779.06,PayPal,Consumer
101537,2024-06-07,CUST1019,Customer 51,East,Massachusetts,Office Supplies,Binder,2in Binder,3,997.42,2992.26,-30.05,Credit Card,Corporate
101538,2023-05-08,CUST1286,Customer 94,East,Massachusetts,Technology,Keyboard,Dell KB216,4,1072.61,4290.44,648.82,Credit Card,Corporate
101539,2024-11-13,CUST1134,Customer 68,Central,Ohio,Office Supplies,Printer,Canon Pixma,8,248.36,1986.88,197.05,Debit Card,Consumer
101540,2023-08-10,CUST1078,Customer 178,East,New York,Technology,Laptop,Lenovo ThinkPad,2,907.71,1815.42,57.03,Debit Card,Home Office
101541,2024-11-11,CUST1172,Customer 109,East,New York,Office Supplies,Printer,Canon Pixma,1,458.66,458.66,123.6,Cash,Home Office
101542,2023-02-20,CUST1028,Customer 140,Central,Illinois,Office Supplies,Binder,2in Binder,2,1027.55,2055.1,-99.4,PayPal,Home Office
101543,2024-05-18,CUST1156,Customer 63,South,Texas,Technology,Laptop,HP Pavilion,6,282.65,1695.9,256.93,Cash,Consumer
101544,2023-01-14,CUST1204,Customer 118,West,California,Furniture,Desk,Wood Desk,1,615.37,615.37,17.89,PayPal,Home Office
101545,2024-01-10,CUST1037,Customer 90,Central,Illinois,Furniture,Cabinet,Storage Cabinet,1,440.22,440.22,5.79,Credit Card,Corporate
101546,2023-03-30,CUST1291,Customer 47,Central,Ohio,Technology,Laptop,Lenovo ThinkPad,6,402.64,2415.84,53.7,PayPal,Home Office
101547,2023-08-05,CUST1070,Customer 10,South,Florida,Office Supplies,Binder,1in Binder,3,81.64,244.92,64.06,Cash,Consumer
101548,2024-03-21,CUST1157,Customer 38,East,New York,Technology,Mouse,Logitech M185,3,877.47,2632.41,-156.86,Debit Card,Home Office
101549,2023-09-07,CUST1110,Customer 38,WEST,Ohio, Furniture ,Bookcase,Cube Shelf,1,684.01,684.01,92.65,Debit Card,Corporate
101550,2024-05-17,CUST1014,Customer 236,Central,Illinois,Technology,Monitor,LG 27,8,785.92,6287.36,1280.91,Cash,Home Office
101551,2024-08-13,CUST1158,Customer 104,Central,Ohio,Furniture,Desk,Corner Desk,4,1129.44,4517.76,940.7,Credit Card,Home Office
101552,2023-04-04,CUST1023,Customer 82,Central,Ohio,Furniture,Desk,Standing Desk,6,226.21,1357.26,-59.57,Credit Card,Home Office
101553,2023-03-12,CUST1233,Customer 146,South,Texas,Furniture,Bookcase,Cube Shelf,5,1191.89,5959.45,913.99,PayPal,Consumer
101554,2024-12-29,CUST1222,Customer 255,West,California,Technology,Mouse,Dell MS116,8,480.82,3846.56,150.53,PayPal,Corporate
101555,2024-08-09,CUST1017,,Central,Ohio,Furniture,Chair,Office Chair,4,468.93,1875.72,105.79,Cash,Consumer
101556,2023-01-24,CUST1197,Customer 140,Central,Illinois,Furniture,Cabinet,File Cabinet,4,569.61,2278.44,-189.26,PayPal,Home Office
101557,2023-07-10,CUST1114,Customer 165,Central,Ohio,Technology,Laptop,Lenovo ThinkPad,6,173.45,1040.7,221.85,Debit Card,Consumer
101558,2024-12-12,CUST1082,Customer 237,South,Florida,Office Supplies,Paper,A4 Paper,6,426.22,2557.32,-69.86,PayPal,Home Office
101559,2023-07-31,CUST1286,,Central,Ohio,Technology,Laptop,HP Pavilion,5,1100.24,5501.2,986.61,Cash,Home Office
101560,2024-02-07,CUST1149,Customer 114,South,Florida,Furniture,Bookcase,Oak Bookcase,5,1167.13,5835.65,1395.73,Cash,Home Office
101561,2023-09-21,CUST1132,,West,Washington,Office Supplies,Paper,Premium Paper,4,906.05,3624.2,33.0,PayPal,Corporate
101562,2023-08-20,CUST1168,Customer 257,South,Florida,Furniture,Chair,Mesh Chair,3,183.86,551.58,-43.31,PayPal,Consumer
101563,2024-09-11,CUST1292,Customer 229,Central,Illinois,Office Supplies,Printer,HP LaserJet,4,197.66,790.64,265.1,Debit Card,Consumer
101564,2024-12-08,CUST1178,Customer 99,East,New York,Furniture,Chair,Office Chair,6,368.62,2211.72,626.43,Cash,Home Office
101565,2024-12-27,CUST1125,Customer 6,Central,Ohio,Furniture,Bookcase,Modern Bookcase,3,1032.38,3097.14,-134.58,Credit Card,Corporate
101566,2023-10-12,CUST1072,Customer 183,Central,Ohio,Furniture,Chair,Ergo Chair,4,684.22,2736.88,739.87,Credit Card,Consumer
101567,2023-04-28,CUST1241,Customer 2,East,Massachusetts,Furniture,Bookcase,Cube Shelf,7,236.47,1655.29,268.25,PayPal,Consumer
101568,2024-08-10,CUST1203,Customer 199,East,New York,Furniture,Cabinet,File Cabinet,5,235.09,1175.45,250.48,Debit Card,Consumer
101569,2023-03-16,CUST1069,Customer 18,East,Massachusetts,Technology,Monitor,Dell UltraSharp,3,236.69,710.07,59.17,Debit Card,Consumer
101570,2023-11-14,CUST1118,Customer 231,Central,Ohio,Technology,Keyboard,Keychron K2,4,790.67,3162.68,-289.63,PayPal,Home Office
101571,2024-12-10,CUST1298,Customer 26,Central,Illinois,Technology,Keyboard,Dell KB216,3,687.21,2061.63,54.14,Debit Card,Home Office
101572,2023-04-02,CUST1106,Customer 164,Central,Ohio,Furniture,Chair,Office Chair,5,234.11,1170.55,-97.28,Credit Card,Consumer
101573,2023-08-22,CUST1229,Customer 173,South,Texas,Technology,Monitor,Samsung View,5,512.33,2561.65,133.85,Debit Card,Consumer
101574,2023-07-25,CUST1293,Customer 56,East,New York,Office Supplies,Pens,Gel Pens,3,29.33,87.99,4.28,Debit Card,Consumer
101575,2023-01-11,CUST1062,Customer 220,East,New York,Technology,Monitor,Dell UltraSharp,7,567.45,3972.15,-276.17,PayPal,Corporate
101576,2023-01-11,CUST1029,Customer 89,Central,Ohio,Technology,Mouse,Dell MS116,6,903.58,5421.48,226.81,Cash,Home Office
101577,2024-01-15,CUST1014,Customer 111,East,New York,Technology,Monitor,LG 27,5,981.12,4905.6,-113.9,Cash,Home Office
101578,2023-05-15,CUST1008,Customer 47,West,California,Office Supplies,Printer,Canon Pixma,2,1136.39,2272.78,590.47,PayPal,Home Office
101579,2023-06-16,CUST1211,Customer 133,East,New York,Furniture,Chair,Office Chair,1,532.82,532.82,157.4,PayPal,Home Office
101580,2023-04-15,CUST1093,Customer 136,Central,Ohio,Furniture,Cabinet,Storage Cabinet,2,750.54,1501.08,412.17,Credit Card,Corporate
101581,2024-01-04,CUST1032,Customer 93,East,Massachusetts,Technology,Mouse,Dell MS116,3,413.98,1241.94,363.26,Debit Card,Corporate
101582,2024-09-05,CUST1075,Customer 127,West,Washington,Furniture,Bookcase,Modern Bookcase,5,858.01,4290.05,1337.15,PayPal,Consumer
101583,2024-10-04,CUST1024,Customer 62,East,Massachusetts,Office Supplies,Paper,A4 Paper,2,164.69,329.38,-20.2,PayPal,Home Office
101584,2023-02-12,CUST1037,Customer 233,EAST,Massachusetts,Office Supplies,Binder,Heavy Binder,1,806.84,806.84,242.77,Credit Card,Corporate
101585,2023-10-26,CUST1128,Customer 182,West,California,Office Supplies,Pens,Ballpoint Pens,2,709.43,1418.86,253.61,Debit Card,Home Office
101586,2023-11-22,CUST1130,Customer 128,West,Washington,Technology,Monitor,LG 27,3,1087.33,3261.99,1061.47,Debit Card,Home Office
101587,2024-04-10,CUST1192,Customer 165,East,New York,Technology,Keyboard,Keychron K2,3,181.77,545.31,37.66,Cash,Home Office
101588,2024-10-23,CUST1154,Customer 227,Central,Illinois,Technology,Laptop,Lenovo ThinkPad,4,250.8,1003.2,30.55,Credit Card,Corporate
101589,2024-05-29,CUST1191,Customer 194,Central,Ohio,Technology,Keyboard,Keychron K2,1,967.28,967.28,-92.23,Cash,Consumer
101590,2024-09-18,CUST1203,Customer 219,South,Texas,Office Supplies,Binder,1in Binder,5,752.46,3762.3,1153.89,Debit Card,Consumer
101591,2024-09-04,CUST1087,Customer 82,South,Florida,Technology,Keyboard,Logitech K120,8,1106.33,8850.64,1003.44,Cash,Home Office
101592,2023-06-07,CUST1014,Customer 189,West,Washington,Technology,Mouse,HP Mouse,2,178.69,357.38,61.49,Debit Card,Consumer
101593,2024-08-29,CUST1161,Customer 298,South,Texas,Technology,Keyboard,Keychron K2,4,60.03,240.12,39.89,PayPal,Consumer
101594,2024-03-22,CUST1151,Customer 93,East,Massachusetts,Office Supplies,Pens,Marker Pack,7,215.11,1505.77,271.17,Credit Card,Corporate
101595,2024-01-22,CUST1049,Customer 100,West,Washington,Office Supplies,Printer,Brother HL,1,779.11,779.11,115.35,Debit Card,Home Office
101596,2023-04-20,CUST1042,Customer 91,East,New York,Technology,Keyboard,Dell KB216,4,848.2,3392.8,-99.53,Debit Card,Consumer
101597,2023-06-27,CUST1222,Customer 279,West,Washington,Office Supplies,Printer,Brother HL,2,856.36,1712.72,243.63,PayPal,Home Office
101598,2024-05-26,CUST1275,Customer 30,Central,Ohio,Technology,Laptop,Lenovo ThinkPad,2,641.7,1283.4,23.06,PayPal,Corporate
101599,2023-11-09,CUST1125,Customer 161,East,New York,Technology,Mouse,Logitech M185,8,536.27,4290.16,583.41,Cash,Home Office
101600,2024-02-02,CUST1111,Customer 152,Central,Ohio,Furniture,Cabinet,File Cabinet,2,718.99,1437.98,324.84,Debit Card,Consumer
101601,2024-09-17,CUST1032,Customer 24,East,Massachusetts,Technology,Monitor,LG 27,4,227.8,911.2,34.2,Cash,Consumer
101602,2024-09-18,CUST1290,Customer 58,South,Texas,Technology,Keyboard,Dell KB216,8,1125.82,9006.56,2816.05,Credit Card,Corporate
101603,2024-09-21,CUST1101,Customer 57,Central,Illinois,Furniture,Cabinet,File Cabinet,2,785.51,1571.02,206.05,Credit Card,Consumer
101604,2023-08-13,CUST1178,Customer 101,Central,Ohio,Furniture,Chair,Mesh Chair,3,850.41,2551.23,-183.5,Debit Card,Home Office
101605,2023-12-11,CUST1091,Customer 139,East,Massachusetts,Technology,Laptop,Dell Inspiron 15,6,761.85,4571.1,214.78,Debit Card,Home Office
101606,2023-08-29,CUST1031,Customer 31,West,Washington,Office Supplies,Pens,Ballpoint Pens,3,795.38,2386.14,367.58,PayPal,Corporate
101607,2024-06-30,CUST1105,Customer 257,Central,Illinois,Furniture,Bookcase,Oak Bookcase,4,221.0,884.0,132.7,PayPal,Home Office
101608,2023-07-28,CUST1277,Customer 207,East,Massachusetts,Furniture,Chair,Mesh Chair,6,765.65,4593.9,1366.56,Debit Card,Corporate
101609,2024-04-10,CUST1258,Customer 81,West,California,Furniture,Cabinet,Metal Cabinet,1,1168.05,1168.05,-17.0,Debit Card,Consumer
101610,2024-09-15,CUST1032,Customer 271,East,New York,Office Supplies,Pens,Ballpoint Pens,3,558.69,1676.07,285.0,PayPal,Corporate
101611,2024-12-26,CUST1189,Customer 298,West,Washington,Furniture,Bookcase,Cube Shelf,2,784.26,1568.52,141.36,Debit Card,Consumer
101612,2024-10-12,CUST1209,,West,Washington,Technology,Laptop,Lenovo ThinkPad,3,565.84,1697.52,169.87,PayPal,Home Office
101613,2024-12-12,CUST1254,Customer 92,West,Washington,Office Supplies,Binder,Heavy Binder,4,653.81,2615.24,90.25,Credit Card,Home Office
101614,2023-06-04,CUST1181,Customer 295,Central,Ohio,Furniture,Bookcase,Modern Bookcase,7,918.83,6431.81,1127.08,Credit Card,Consumer
101615,2023-11-28,CUST1222,Customer 5,Central,Illinois,Furniture,Desk,Wood Desk,6,275.98,1655.88,37.71,PayPal,Home Office
101616,2023-11-02,CUST1216,Customer 156,East,New York,Furniture,Cabinet,File Cabinet,8,179.84,1438.72,255.81,Credit Card,Corporate
101617,2024-08-10,CUST1130,Customer 287,Central,Ohio,Technology,Laptop,Lenovo ThinkPad,8,375.32,3002.56,618.14,Cash,Home Office
101618,2024-09-24,CUST1154,Customer 58,South,Florida,Furniture,Chair,Mesh Chair,4,965.25,3861.0,1007.3,PayPal,Corporate
101619,2023-09-06,CUST1273,Customer 55,South,Florida,Office Supplies,Printer,HP LaserJet,7,882.36,6176.52,873.33,PayPal,Corporate
101620,2024-08-21,CUST1201,Customer 6,West,Washington,Furniture,Cabinet,Metal Cabinet,3,798.83,2396.49,315.49,Cash,Consumer
101621,2023-05-02,CUST1031,Customer 10,West,California,Furniture,Desk,Wood Desk,1,482.08,482.08,14.68,Debit Card,Corporate
101622,2024-07-01,CUST1284,Customer 98,South,Florida,Office Supplies,Paper,A4 Paper,1,671.98,671.98,95.98,Credit Card,Corporate
101623,2024-05-09,CUST1121,Customer 8,South,Texas,Office Supplies,Binder,1in Binder,2,668.47,1336.94,116.58,Debit Card,Corporate
101624,2024-01-15,CUST1206,Customer 53,West,California,Technology,Monitor,LG 27,6,867.04,5202.24,1258.41,Cash,Home Office
101625,2023-07-28,CUST1224,Customer 278,West,Washington,Furniture,Cabinet,Metal Cabinet,5,923.03,4615.15,-63.63,Cash,Corporate
101626,2024-04-04,CUST1017,Customer 16,West,Washington,Office Supplies,Paper,Copy Paper,2,641.68,1283.36,-34.78,Credit Card,Home Office
101627,2023-07-28,CUST1129,Customer 68,Central,Ohio,Office Supplies,Paper,A4 Paper,4,332.95,1331.8,43.99,Credit Card,Corporate
101628,2024-05-10,CUST1072,Customer 65,South,Florida,Furniture,Bookcase,Cube Shelf,3,368.05,1104.15,-91.23,Credit Card,Corporate
101629,2023-12-19,CUST1063,Customer 5,Central,Ohio,Technology,Keyboard,Keychron K2,3,229.24,687.72,195.86,Cash,Consumer
101630,2023-08-09,CUST1277,Customer 148,South,Florida,Technology,Keyboard,Keychron K2,5,581.68,2908.4,218.01,Cash,Corporate
101631,2024-09-03,CUST1250,Customer 42,East,Massachusetts,Furniture,Desk,Standing Desk,4,645.91,2583.64,105.01,Debit Card,Corporate
101632,2023-12-08,CUST1065,Customer 95,South,Texas,Technology,Monitor,Samsung View,1,13.96,13.96,0.17,Credit Card,Consumer
101633,2024-04-28,CUST1279,Customer 127,East,New York,Office Supplies,Binder,1in Binder,3,516.46,1549.38,33.8,Cash,Home Office
101634,2023-11-25,CUST1071,Customer 161,South,Florida,Technology,Monitor,Samsung View,5,212.67,1063.35,296.42,Credit Card,Corporate
101635,2023-04-29,CUST1270,Customer 25,South,Florida,Furniture,Chair,Office Chair,2,75.14,150.28,46.93,Cash,Corporate
101636,2024-09-05,CUST1109,Customer 183,West,Washington,Furniture,Bookcase,Cube Shelf,5,571.22,2856.1,697.2,Debit Card,Corporate
101637,2024-03-24,CUST1235,Customer 103,South,Texas,Furniture,Chair,Office Chair,5,845.77,4228.85,1442.0,Cash,Corporate
101638,2024-09-09,CUST1111,Customer 216,East,New York,Furniture,Desk,Wood Desk,1,274.47,274.47,-12.03,Credit Card,Consumer
101639,2024-12-05,CUST1089,Customer 286,East,New York,Office Supplies,Pens,Ballpoint Pens,1,620.45,620.45,,Credit Card,Corporate
101640,2023-06-28,CUST1160,Customer 93,Central,Ohio,Technology,Laptop,HP Pavilion,7,228.91,1602.37,333.17,Credit Card,Corporate
101641,2024-12-09,CUST1262,Customer 26,South,Florida,Furniture,Desk,Wood Desk,4,584.33,2337.32,613.78,Credit Card,Home Office
101642,2024-08-01,CUST1044,Customer 246,West,Washington,Furniture,Bookcase,Oak Bookcase,5,342.27,1711.35,122.67,PayPal,Home Office
101643,2024-01-23,CUST1294,Customer 132,East,Massachusetts,Office Supplies,Paper,Premium Paper,4,259.78,1039.12,81.28,PayPal,Home Office
101644,2024-03-16,CUST1283,Customer 175,South,Florida,Technology,Laptop,Lenovo ThinkPad,1,143.48,143.48,20.02,PayPal,Consumer
101645,2024-08-14,CUST1209,Customer 268,West,California,Office Supplies,Printer,HP LaserJet,2,848.08,1696.16,242.78,Cash,Corporate
101646,2023-06-24,CUST1287,Customer 190,South,Florida,Furniture,Cabinet,File Cabinet,8,703.58,5628.64,546.64,PayPal,Corporate
101647,2024-10-12,CUST1298,Customer 237,South,Texas,Office Supplies,Paper,Copy Paper,1,223.19,223.19,-15.14,Credit Card,Consumer
101648,2023-11-03,CUST1134,Customer 169,East,Massachusetts,Technology,Mouse,Logitech M185,6,903.23,5419.38,748.44,Credit Card,Corporate
101649,2023-07-31,CUST1015,Customer 108,Central,Ohio,Technology,Mouse,Dell MS116,2,108.77,217.54,49.33,Cash,Corporate
101650,2024-07-03,CUST1172,Customer 296,West,California,Office Supplies,Pens,Marker Pack,8,1002.81,8022.48,-514.21,Credit Card,Consumer
101651,2024-09-24,CUST1217,Customer 217,East,New York,Furniture,Bookcase,Modern Bookcase,1,450.78,450.78,-15.1,Debit Card,Consumer
101652,2024-01-18,CUST1163,Customer 100,West,Washington,Office Supplies,Paper,Copy Paper,8,1153.81,9230.48,-873.67,Debit Card,Home Office
101653,2024-02-09,CUST1272,Customer 65,West,California,Technology,Monitor,Samsung View,2,22.42,44.84,14.86,PayPal,Corporate
101654,2023-05-18,CUST1271,Customer 168,South,Florida,Technology,Monitor,Samsung View,7,60.29,422.03,-30.98,Credit Card,Home Office
101655,2023-05-06,CUST1205,Customer 36,West,Washington,Furniture,Chair,Ergo Chair,5,262.49,1312.45,141.05,Cash,Home Office
101656,2024-06-27,CUST1260,Customer 206,Central,Illinois,Furniture,Bookcase,Oak Bookcase,8,103.85,830.8,174.96,Debit Card,Consumer
101657,2023-12-28,CUST1220,Customer 47,East,New York,Office Supplies,Paper,Copy Paper,6,658.02,3948.12,1338.19,Cash,Home Office
101658,2023-10-26,CUST1095,Customer 183,Central,Illinois,Technology,Keyboard,Keychron K2,7,294.9,2064.3,246.28,Cash,Consumer
101659,2023-04-14,CUST1122,Customer 242,Central,Ohio,Technology,Mouse,Dell MS116,1,795.43,795.43,220.53,PayPal,Consumer
101660,2024-04-12,CUST1127,Customer 152,West,California,Office Supplies,Binder,Heavy Binder,7,497.73,3484.11,189.54,Debit Card,Home Office
101661,2023-03-26,CUST1236,Customer 166,Central,Ohio,Furniture,Chair,Mesh Chair,7,101.09,707.63,213.69,Debit Card,Corporate
101662,2024-07-02,CUST1279,Customer 1,South,Florida,Furniture,Chair,Office Chair,2,54.59,109.18,21.96,Debit Card,Corporate
101663,2023-08-08,CUST1260,Customer 53,West,Washington,Technology,Mouse,HP Mouse,4,512.44,2049.76,656.19,Cash,Home Office
101664,2023-09-23,CUST1294,Customer 211,South,Florida,Technology,Monitor,Samsung View,6,955.15,5730.9,1816.43,Credit Card,Corporate
101665,2024-05-22,CUST1142,Customer 261,Central,Ohio,Office Supplies,Paper,Copy Paper,3,216.03,648.09,91.68,PayPal,Corporate
101666,2023-11-24,CUST1232,Customer 137,South,Texas,Office Supplies,Pens,Ballpoint Pens,8,171.58,1372.64,166.0,Debit Card,Consumer
101667,2024-10-19,CUST1257,Customer 268,Central,Illinois,Technology,Mouse,HP Mouse,1,251.68,251.68,82.1,Credit Card,Home Office
101668,2024-05-20,CUST1145,Customer 244,East,Massachusetts,Furniture,Cabinet,File Cabinet,4,881.43,3525.72,-12.33,PayPal,Consumer
101669,2023-09-15,CUST1178,Customer 99,West,California,Office Supplies,Paper,Copy Paper,1,751.0,751.0,-37.01,PayPal,Consumer
101670,2023-07-10,CUST1034,Customer 88,East,Massachusetts,Technology,Keyboard,Keychron K2,3,1164.17,3492.51,1102.67,Debit Card,Consumer
101671,2024-09-17,CUST1010,Customer 29,West,Washington,Furniture,Bookcase,Oak Bookcase,1,329.55,329.55,8.49,PayPal,Home Office
101672,2024-08-28,CUST1282,Customer 39,South,Texas,Office Supplies,Pens,Gel Pens,5,451.77,2258.85,567.77,Credit Card,Home Office
101673,2024-05-09,CUST1285,Customer 244,South,Texas,Office Supplies,Pens,Gel Pens,5,657.34,3286.7,359.98,Debit Card,Home Office
101674,2024-02-04,CUST1152,Customer 74,South,Florida,Technology,Monitor,LG 27,6,102.97,617.82,76.12,Debit Card,Corporate
101675,2023-01-15,CUST1018,Customer 99,South,Texas,Technology,Mouse,Logitech M185,2,644.95,1289.9,231.97,Cash,Corporate
101676,2024-06-22,CUST1204,Customer 230,Central,Illinois,Office Supplies,Binder,2in Binder,1,575.12,575.12,-18.87,Debit Card,Consumer
101677,2023-06-05,CUST1069,Customer 36,West,California,Office Supplies,Printer,HP LaserJet,7,1072.98,7510.86,648.54,Cash,Consumer
101678,2024-02-24,CUST1124,Customer 70,West,California,Furniture,Bookcase,Cube Shelf,6,45.73,274.38,-15.61,Cash,Home Office
101679,2023-01-13,CUST1231,Customer 88,West,Washington,Technology,Mouse,Logitech M185,4,905.64,3622.56,-305.84,Debit Card,Consumer
101680,2023-04-22,CUST1253,Customer 73,East,Massachusetts,Office Supplies,Paper,Copy Paper,8,1062.67,8501.36,1655.97,Debit Card,Consumer
101681,2023-01-26,CUST1056,Customer 292,South,Florida,Office Supplies,Printer,Brother HL,7,952.89,6670.23,2330.96,Debit Card,Home Office
101682,2023-03-12,CUST1074,Customer 116,Central,Illinois,Furniture,Cabinet,Storage Cabinet,4,494.4,1977.6,677.25,Cash,Corporate
101683,2023-05-15,CUST1109,Customer 139,East,Massachusetts,Technology,Laptop,Lenovo ThinkPad,7,28.32,198.24,10.71,Credit Card,Consumer
101684,2024-11-11,CUST1093,Customer 216,West,Washington,Furniture,Bookcase,Cube Shelf,3,457.23,1371.69,-123.22,Cash,Corporate
101685,2023-04-07,CUST1285,Customer 13,East,New York,Furniture,Bookcase,Oak Bookcase,8,727.19,5817.52,203.9,Debit Card,Corporate
101686,2023-12-20,CUST1056,Customer 164,South,Florida,Technology,Mouse,Logitech M185,3,135.86,407.58,64.7,Credit Card,Consumer
101687,2024-03-16,CUST1263,Customer 216,Central,Ohio,Office Supplies,Binder,1in Binder,8,671.64,5373.12,1375.65,Debit Card,Consumer
101688,2024-04-19,CUST1118,Customer 225,south,Illinois,Technology,Keyboard,Keychron K2,8,317.99,2543.92,330.78,Credit Card,Home Office
101689,2023-04-23,CUST1292,Customer 271,West,Washington,Furniture,Desk,Standing Desk,7,367.92,2575.44,-199.19,Debit Card,Corporate
101690,2024-09-14,CUST1020,Customer 259,East,New York,Furniture,Desk,Wood Desk,5,616.74,3083.7,66.88,Debit Card,Consumer
101691,2023-08-18,CUST1033,Customer 86,Central,Ohio,Furniture,Bookcase,Oak Bookcase,3,860.15,2580.45,-246.75,Debit Card,Home Office
101692,2024-05-18,CUST1010,Customer 10,East,New York,Furniture,Cabinet,Metal Cabinet,4,916.02,3664.08,-363.15,PayPal,Consumer
101693,2023-10-26,CUST1290,Customer 47,Central,Ohio,Technology,Laptop,Lenovo ThinkPad,1,14.0,14.0,1.88,Credit Card,Corporate
101694,2023-05-02,CUST1253,Customer 104,Central,Illinois,Technology,Laptop,HP Pavilion,3,986.28,2958.84,-110.99,PayPal,Home Office
101695,2024-08-18,CUST1042,Customer 281,Central,Illinois,Furniture,Chair,Mesh Chair,6,367.24,2203.44,760.29,PayPal,Corporate
101696,2023-09-22,CUST1060,Customer 50,Central,Illinois,Technology,Laptop,Dell Inspiron 15,5,824.31,4121.55,49.74,Debit Card,Corporate
101697,2023-03-26,CUST1072,Customer 294,West,California,Furniture,Chair,Mesh Chair,6,836.22,5017.32,242.72,Cash,Consumer
101698,2023-01-19,CUST1142,Customer 212,East,Massachusetts,Office Supplies,Paper,A4 Paper,6,252.11,1512.66,367.86,PayPal,Consumer
101699,2024-04-02,CUST1075,Customer 28,South,Florida,Office Supplies,Printer,Canon Pixma,5,1037.24,5186.2,489.44,Credit Card,Consumer
101700,2024-07-17,CUST1070,Customer 114,East,Massachusetts,Office Supplies,Paper,A4 Paper,2,829.57,1659.14,-52.27,PayPal,Home Office
101701,2023-10-23,CUST1134,Customer 167,West,California,Furniture,Desk,Standing Desk,6,605.95,3635.7,-249.0,Debit Card,Corporate
101702,2023-08-21,CUST1004,Customer 151,South,Texas,Furniture,Cabinet,Metal Cabinet,4,419.88,1679.52,175.5,Credit Card,Consumer
101703,2024-09-26,CUST1090,Customer 168,West,California,Office Supplies,Printer,HP LaserJet,2,827.08,1654.16,533.0,Cash,Home Office
101704,2023-01-19,CUST1135,Customer 219,South,Florida,Technology,Laptop,Dell Inspiron 15,8,725.92,5807.36,-8.26,PayPal,Consumer
101705,2023-02-25,CUST1089,Customer 103,West,California,Office Supplies,Pens,Marker Pack,3,555.35,1666.05,-144.39,Debit Card,Home Office
101706,2024-10-04,CUST1272,Customer 192,Central,Illinois,Furniture,Chair,Ergo Chair,1,789.29,789.29,15.01,Credit Card,Corporate
101707,2024-03-15,CUST1156,Customer 91,Central,Ohio,Technology,Keyboard,Keychron K2,7,873.23,6112.61,2058.67,Debit Card,Corporate
101708,2024-03-05,CUST1255,Customer 105,East,Massachusetts,Furniture,Chair,Ergo Chair,2,406.15,812.3,-78.73,Cash,Corporate
101709,2023-06-02,CUST1083,Customer 163,South,Texas,Furniture,Bookcase,Oak Bookcase,8,1199.02,9592.16,1349.05,Credit Card,Home Office
101710,2024-11-26,CUST1214,Customer 199,East,Massachusetts,Office Supplies,Pens,Ballpoint Pens,8,1184.37,9474.96,1224.4,Cash,Home Office
101711,2024-02-14,CUST1279,Customer 227,East,New York,Furniture,Chair,Mesh Chair,8,1061.81,8494.48,713.08,Cash,Home Office
101712,2023-10-28,CUST1018,Customer 212,Central,Ohio,Technology,Monitor,Samsung View,1,770.54,770.54,48.33,Credit Card,Home Office
101713,2023-11-07,CUST1157,Customer 28,Central,Ohio,Technology,Monitor,LG 27,6,1038.27,6229.62,1652.49,Cash,Home Office
101714,2024-03-05,CUST1129,Customer 183,Central,Illinois,Technology,Monitor,LG 27,6,950.85,5705.1,540.68,Debit Card,Corporate
101715,2023-09-20,CUST1252,Customer 101,East,New York,Furniture,Cabinet,Storage Cabinet,2,922.03,1844.06,-100.53,Credit Card,Home Office
101716,2023-05-31,CUST1147,Customer 257,Central,Illinois,Technology,Mouse,Logitech M185,5,278.16,1390.8,284.73,Debit Card,Home Office
101717,2023-03-08,CUST1177,Customer 51,South,Florida,Office Supplies,Paper,Premium Paper,7,319.01,2233.07,554.6,Credit Card,Consumer
101718,2023-07-06,CUST1126,Customer 16,West,California,Furniture,Cabinet,Metal Cabinet,5,107.89,539.45,122.34,Credit Card,Home Office
101719,2024-02-16,CUST1258,Customer 198,West,Washington,Office Supplies,Binder,2in Binder,4,601.04,2404.16,-131.71,Credit Card,Consumer
101720,2023-07-27,CUST1025,Customer 42,East,New York,Office Supplies,Pens,Gel Pens,8,665.4,5323.2,886.32,Credit Card,Corporate
101721,2023-02-03,CUST1050,Customer 239,West,California,Furniture,Bookcase,Oak Bookcase,4,137.26,549.04,115.54,PayPal,Consumer
101722,2023-04-18,CUST1238,Customer 269,Central,Illinois,Furniture,Chair,Mesh Chair,5,127.24,636.2,121.9,Cash,Corporate
101723,2023-01-10,CUST1061,Customer 12,West,California,Technology,Mouse,HP Mouse,4,411.86,1647.44,-41.94,PayPal,Consumer
101724,2024-07-25,CUST1212,Customer 55,Central,Illinois,Furniture,Desk,Wood Desk,1,860.92,860.92,95.2,PayPal,Consumer
101725,2024-07-19,CUST1061,Customer 275,West,Washington,Technology,Monitor,LG 27,7,309.06,2163.42,261.09,Debit Card,Corporate
101726,2023-12-13,CUST1146,Customer 281,East,New York,Furniture,Bookcase,Modern Bookcase,2,1080.61,2161.22,-209.34,Credit Card,Home Office
101727,2024-07-16,CUST1150,Customer 100,South,Florida,Furniture,Chair,Ergo Chair,3,785.08,2355.24,473.66,Debit Card,Consumer
101728,2024-02-09,CUST1195,Customer 283,East,New York,Technology,Mouse,Dell MS116,1,949.32,949.32,69.3,Cash,Corporate
101729,2023-09-23,CUST1060,Customer 126,Central,Ohio,Technology,Mouse,HP Mouse,6,88.89,533.34,95.41,Cash,Home Office
101730,2023-05-26,CUST1002,Customer 246,West,Washington,Technology,Laptop,HP Pavilion,5,989.91,4949.55,370.12,Credit Card,Consumer
101731,2023-07-22,CUST1057,Customer 276,South,Texas,Office Supplies,Printer,HP LaserJet,5,1019.76,5098.8,1102.7,Debit Card,Home Office
101732,2023-05-21,CUST1217,Customer 39,South,Florida,Office Supplies,Paper,A4 Paper,1,22.16,22.16,6.89,Credit Card,Corporate
101733,2023-08-23,CUST1281,Customer 199,West,California,Technology,Keyboard,Logitech K120,7,576.76,4037.32,258.9,Cash,Corporate
101734,2024-12-31,CUST1166,Customer 9,East,New York,Office Supplies,Printer,HP LaserJet,5,664.44,3322.2,-192.48,Credit Card,Corporate
101735,2024-05-25,CUST1241,Customer 127,Central,Ohio,Technology,Mouse,Dell MS116,7,1028.07,7196.49,-323.66,Cash,Corporate
101736,2023-04-24,CUST1288,Customer 255,East,New York,Furniture,Bookcase,Cube Shelf,2,169.44,338.88,56.43,Credit Card,Corporate
101737,2024-01-06,CUST1009,Customer 79,South,Texas,Furniture,Chair,Mesh Chair,8,201.32,1610.56,371.17,Cash,Corporate
101738,2024-03-21,CUST1052,Customer 14,South,Florida,Furniture,Bookcase,Cube Shelf,3,53.65,160.95,-11.41,PayPal,Consumer
101739,2023-03-04,CUST1117,Customer 247,Central,Illinois,Furniture,Bookcase,Cube Shelf,8,642.55,5140.4,969.21,Credit Card,Consumer
101740,2023-04-11,CUST1151,Customer 38,Central,Ohio,Furniture,Desk,Corner Desk,1,933.82,933.82,280.05,Cash,Home Office
101741,2023-11-29,CUST1201,Customer 271,Central,Illinois,Furniture,Chair,Ergo Chair,3,405.47,1216.41,300.16,PayPal,Consumer
101742,2024-04-06,CUST1193,Customer 106,East,Massachusetts,Technology,Mouse,HP Mouse,7,308.3,2158.1,-205.82,Debit Card,Corporate
101743,2023-03-11,CUST1064,Customer 112,East,Massachusetts,Technology,Mouse,HP Mouse,7,833.04,5831.28,356.64,PayPal,Home Office
101744,2024-05-31,CUST1029,Customer 172,Central,Illinois,Furniture,Chair,Office Chair,7,713.67,4995.69,25.93,Cash,Consumer
101745,2023-09-23,CUST1167,Customer 231,West,Washington,Technology,Monitor,Dell UltraSharp,4,697.48,2789.92,652.82,PayPal,Corporate
101746,2023-01-10,CUST1237,Customer 256,South,Texas,Office Supplies,Printer,Canon Pixma,8,78.75,630.0,71.29,Cash,Corporate
101747,2023-09-18,CUST1107,Customer 207,East,Massachusetts,Technology,Laptop,Dell Inspiron 15,5,185.12,925.6,-17.2,Debit Card,Corporate
101748,2023-07-31,CUST1038,Customer 238,East,New York,Office Supplies,Pens,Gel Pens,3,583.75,1751.25,-91.26,Cash,Home Office
101749,2024-05-16,CUST1278,Customer 191,Central,Illinois,Furniture,Chair,Office Chair,3,78.08,234.24,7.62,Credit Card,Corporate
101750,2023-10-02,CUST1004,Customer 107,Central,Illinois,Technology,Keyboard,Logitech K120,2,1004.3,2008.6,662.66,Debit Card,Consumer
101751,2023-01-31,CUST1253,Customer 40,East,Massachusetts,Office Supplies,Paper,A4 Paper,5,229.42,1147.1,90.49,Credit Card,Corporate
101752,2024-07-13,CUST1099,Customer 229,West,California,Furniture,Bookcase,Oak Bookcase,4,969.41,3877.64,-247.5,Credit Card,Corporate
101753,2024-12-02,CUST1129,Customer 144,West,California,Furniture,Desk,Standing Desk,3,501.79,1505.37,160.29,PayPal,Home Office
101754,2023-08-18,CUST1002,Customer 277,West,Washington,Technology,Keyboard,Keychron K2,7,1174.88,8224.16,2567.14,Debit Card,Home Office
101755,2023-02-03,CUST1281,Customer 167,Central,Ohio,Furniture,Chair,Ergo Chair,6,742.78,4456.68,783.2,Credit Card,Home Office
101756,2024-09-10,CUST1276,Customer 45,East,New York,Technology,Mouse,Dell MS116,3,1189.65,3568.95,435.29,Debit Card,Home Office
101757,2023-05-01,CUST1214,Customer 232,Central,Illinois,Furniture,Chair,Office Chair,7,80.8,565.6,154.8,PayPal,Home Office
101758,2023-12-06,CUST1191,Customer 12,East,Massachusetts,Technology,Keyboard,Keychron K2,4,709.85,2839.4,54.37,PayPal,Home Office
101759,2023-01-01,CUST1011,Customer 87,Central,Ohio,Technology,Mouse,Dell MS116,8,1192.52,9540.16,2280.97,Credit Card,Home Office
101760,2023-01-11,CUST1153,Customer 122,West,California,Office Supplies,Paper,A4 Paper,3,928.26,2784.78,854.52,Credit Card,Corporate
101761,2023-09-23,CUST1085,Customer 126,West,California,Technology,Monitor,Dell UltraSharp,4,304.25,1217.0,-26.79,Cash,Consumer
101762,2023-02-11,CUST1115,Customer 173,East,Massachusetts,Office Supplies,Printer,Canon Pixma,1,145.09,145.09,43.26,Cash,Corporate
101763,2024-11-30,CUST1125,Customer 99,West,California,Furniture,Cabinet,File Cabinet,4,752.3,3009.2,721.53,Debit Card,Corporate
101764,2023-09-10,CUST1288,Customer 276,Central,Illinois,Office Supplies,Binder,2in Binder,1,976.1,976.1,-85.9,Debit Card,Consumer
101765,2023-05-10,CUST1201,Customer 161,South,Florida,Technology,Monitor,Samsung View,1,538.75,538.75,26.94,Debit Card,Consumer
101766,2023-05-01,CUST1190,Customer 143,East,New York,Furniture,Bookcase,Oak Bookcase,2,582.54,1165.08,45.49,Debit Card,Consumer
101767,2023-01-16,CUST1175,Customer 51,Central,Illinois,Office Supplies,Printer,Brother HL,2,683.97,1367.94,418.26,Debit Card,Consumer
101768,2024-02-10,CUST1065,Customer 217,Central,Illinois,Office Supplies,Pens,Gel Pens,8,453.13,3625.04,816.16,Cash,Corporate
101769,2023-11-23,CUST1217,Customer 62,East,Massachusetts,Furniture,Bookcase,Oak Bookcase,3,844.45,2533.35,761.68,PayPal,Consumer
101770,2023-01-28,CUST1054,Customer 33,West,California,Office Supplies,Printer,Canon Pixma,3,331.87,995.61,-13.97,Cash,Home Office
101771,2023-08-24,CUST1051,Customer 298,South,Florida,Technology,Keyboard,Logitech K120,5,259.76,1298.8,321.26,Credit Card,Corporate
101772,2023-09-01,CUST1064,Customer 192,West,Washington,Furniture,Bookcase,Modern Bookcase,3,320.5,961.5,165.82,Cash,Consumer
101773,2023-06-07,CUST1056,Customer 93,West,California,Office Supplies,Printer,Brother HL,6,843.49,5060.94,723.03,Credit Card,Corporate
101774,2024-07-09,CUST1106,Customer 121,Central,Ohio,Technology,Mouse,HP Mouse,7,997.12,6979.84,-75.22,Debit Card,Home Office
101775,2024-08-26,CUST1277,Customer 149,Central,Ohio,Technology,Keyboard,Dell KB216,1,207.46,207.46,22.88,PayPal,Corporate
101776,2023-02-28,CUST1223,Customer 245,South,Florida,Office Supplies,Pens,Marker Pack,3,1167.47,3502.41,155.11,Debit Card,Corporate
101777,2023-06-26,CUST1163,Customer 192,West,Washington,Furniture,Bookcase,Oak Bookcase,3,441.27,1323.81,418.05,Credit Card,Home Office
101778,2024-02-06,CUST1180,Customer 208,East,New York,Technology,Monitor,Dell UltraSharp,1,908.43,908.43,127.16,Debit Card,Corporate
101779,2024-04-02,CUST1083,Customer 126,East,Massachusetts,Technology,Keyboard,Logitech K120,1,117.86,117.86,38.37,Cash,Consumer
101780,2023-10-22,CUST1068,Customer 210,East,New York,Technology,Mouse,HP Mouse,3,999.46,2998.38,298.41,PayPal,Consumer
101781,2023-09-26,CUST1145,Customer 21,South,Texas,Office Supplies,Printer,Canon Pixma,4,230.28,921.12,105.7,Credit Card,Home Office
101782,2023-08-26,CUST1275,Customer 91,West,California,Office Supplies,Paper,Copy Paper,4,302.28,1209.12,294.25,Debit Card,Consumer
101783,2023-11-02,CUST1010,Customer 271,Central,Illinois,Technology,Monitor,Dell UltraSharp,1,836.85,836.85,74.43,Debit Card,Corporate
101784,2024-05-12,CUST1028,Customer 243,West,Washington,Furniture,Cabinet,Storage Cabinet,2,1108.93,2217.86,525.11,PayPal,Consumer
101785,2024-02-05,CUST1088,Customer 103,South,Texas,Office Supplies,Printer,HP LaserJet,1,691.21,691.21,1.88,Cash,Corporate
101786,2023-04-03,CUST1101,,Central,Ohio,Office Supplies,Pens,Gel Pens,2,254.65,509.3,147.85,Credit Card,Consumer
101787,2024-10-20,CUST1050,Customer 200,South,Florida,Office Supplies,Paper,Premium Paper,5,173.29,866.45,-8.65,Cash,Corporate
101788,2023-10-22,CUST1185,Customer 245,West,California,Furniture,Desk,Wood Desk,8,793.61,6348.88,474.66,PayPal,Consumer
101789,2024-03-08,CUST1035,Customer 243,East,Massachusetts,Office Supplies,Printer,HP LaserJet,1,984.36,984.36,291.37,Cash,Corporate
101790,2023-04-13,CUST1021,Customer 87,Central,Illinois,Technology,Mouse,Dell MS116,4,215.2,860.8,184.04,Cash,Home Office
101791,2023-08-13,CUST1219,Customer 172,Central,Ohio,Furniture,Cabinet,Metal Cabinet,8,210.18,1681.44,35.14,Debit Card,Home Office
101792,2024-02-03,CUST1189,Customer 116,South,Florida,Office Supplies,Paper,A4 Paper,6,1050.23,6301.38,1560.98,PayPal,Consumer
101793,2024-03-04,CUST1136,Customer 33,West,Washington,Office Supplies,Binder,2in Binder,4,623.7,2494.8,574.49,Credit Card,Consumer
101794,2024-09-01,CUST1089,Customer 47,South,Texas,Office Supplies,Printer,Brother HL,6,583.23,3499.38,1135.98,PayPal,Home Office
101795,2023-10-13,CUST1218,Customer 26,East,Massachusetts,Office Supplies,Paper,A4 Paper,4,577.58,2310.32,-150.3,Cash,Corporate
101796,2024-10-25,CUST1202,Customer 193,Central,Illinois,Furniture,Desk,Wood Desk,5,338.21,1691.05,178.69,Credit Card,Home Office
101797,2024-04-07,CUST1119,Customer 207,South,Florida,Furniture,Bookcase,Cube Shelf,3,818.53,2455.59,182.85,Credit Card,Corporate
101798,2024-11-05,CUST1243,Customer 86,South,Texas,Office Supplies,Printer,Brother HL,1,1126.68,1126.68,-37.05,Credit Card,Consumer
101799,2024-06-13,CUST1186,Customer 211,South,Florida,Technology,Mouse,Dell MS116,7,34.32,240.24,81.52,PayPal,Consumer
101800,2023-12-12,CUST1125,Customer 109,West,California,Office Supplies,Pens,Ballpoint Pens,5,1098.67,5493.35,914.44,Credit Card,Corporate
101801,2024-05-09,CUST1093,Customer 216,Central,Illinois,Technology,Mouse,HP Mouse,2,662.11,1324.22,-51.59,PayPal,Corporate
101802,2024-08-11,CUST1168,Customer 112,South,Texas,Office Supplies,Paper,Copy Paper,8,614.62,4916.96,630.26,Cash,Home Office
101803,2024-09-04,CUST1086,Customer 264,West,Washington,Furniture,Desk,Corner Desk,7,253.18,1772.26,364.88,PayPal,Corporate
101804,2023-01-25,CUST1233,Customer 31,South,Florida,Technology,Keyboard,Dell KB216,3,175.41,526.23,-24.69,Cash,Home Office
101805,2024-07-28,CUST1095,Customer 32,Central,Illinois,Office Supplies,Binder,Heavy Binder,8,45.39,363.12,27.54,Credit Card,Corporate
101806,2023-06-16,CUST1274,Customer 82,West,Washington,Technology,Monitor,Samsung View,2,810.76,1621.52,251.32,PayPal,Consumer
101807,2024-07-29,CUST1003,Customer 274,East,Massachusetts,Office Supplies,Printer,HP LaserJet,4,561.74,2246.96,237.94,PayPal,Corporate
101808,2024-09-17,CUST1274,Customer 121,South,Texas,Furniture,Cabinet,Metal Cabinet,1,255.43,255.43,54.4,Credit Card,Home Office
101809,2023-09-01,CUST1214,Customer 231,South,Florida,Office Supplies,Paper,A4 Paper,5,436.96,2184.8,337.58,Credit Card,Corporate
101810,2024-09-05,CUST1271,Customer 84,East,New York,Office Supplies,Printer,Brother HL,8,235.92,1887.36,,Cash,Consumer
101811,2024-07-28,CUST1212,Customer 242,South,Texas,Technology,Monitor,Samsung View,2,564.43,1128.86,160.81,Credit Card,Corporate
101812,2024-10-11,CUST1296,Customer 27,Central,Ohio,Office Supplies,Pens,Marker Pack,2,419.05,838.1,159.52,Credit Card,Corporate
101813,2024-10-28,CUST1023,Customer 59,South,Texas,Office Supplies,Paper,Premium Paper,1,247.66,247.66,25.25,PayPal,Consumer
101814,2024-09-05,CUST1262,Customer 277,East,Massachusetts,Office Supplies,Printer,HP LaserJet,8,1057.0,8456.0,-70.91,Credit Card,Home Office
101815,2024-10-17,CUST1089,Customer 152,West,Washington,Technology,Mouse,Logitech M185,3,724.76,2174.28,188.25,Cash,Home Office
101816,2023-12-01,CUST1239,Customer 142,West,California,Furniture,Desk,Corner Desk,6,1142.18,6853.08,-118.33,Credit Card,Consumer
101817,2024-03-05,CUST1241,Customer 208,West,Washington,Office Supplies,Paper,Copy Paper,7,1031.71,7221.97,-164.87,PayPal,Consumer
101818,2023-01-16,CUST1089,Customer 216,West,California,Technology,Monitor,Samsung View,2,552.98,1105.96,205.73,Debit Card,Home Office
101819,2023-09-28,CUST1129,Customer 172,South,Florida,Technology,Keyboard,Dell KB216,7,759.95,5319.65,-91.78,PayPal,Consumer
101820,2023-03-25,CUST1191,Customer 111,East,New York,Office Supplies,Printer,Brother HL,3,364.93,1094.79,214.51,PayPal,Home Office
101821,2023-01-20,CUST1136,Customer 292,West,California,Technology,Mouse,HP Mouse,4,20.66,82.64,12.24,PayPal,Corporate
101822,2024-12-22,CUST1150,Customer 125,West,California,Office Supplies,Binder,Heavy Binder,8,10.92,87.36,27.36,PayPal,Corporate
101823,2023-05-17,CUST1272,Customer 226,South,Texas,Furniture,Cabinet,Metal Cabinet,7,314.45,2201.15,526.64,Cash,Corporate
101824,2024-11-26,CUST1291,Customer 232,West,California,Furniture,Cabinet,File Cabinet,3,151.44,454.32,133.31,PayPal,Consumer
101825,2024-06-14,CUST1118,Customer 220,South,Florida,Office Supplies,Binder,1in Binder,3,1198.88,3596.64,1195.27,Credit Card,Corporate
101826,2024-02-17,CUST1248,Customer 90,Central,Ohio,Furniture,Chair,Ergo Chair,6,701.96,4211.76,653.36,Debit Card,Home Office
101827,2023-02-21,CUST1065,Customer 6,South,Texas,Office Supplies,Binder,2in Binder,3,1153.88,3461.64,531.89,PayPal,Corporate
101828,2024-02-12,CUST1079,Customer 281,West,Washington,Office Supplies,Binder,2in Binder,4,1072.12,4288.48,298.61,Debit Card,Consumer
101829,2023-11-25,CUST1222,Customer 7,Central,Ohio,Office Supplies,Binder,Heavy Binder,8,546.62,4372.96,-68.74,Cash,Consumer
101830,2023-09-10,CUST1270,Customer 98,South,Texas,Technology,Keyboard,Dell KB216,4,123.82,495.28,-4.92,Credit Card,Consumer
101831,2023-05-10,CUST1238,Customer 205,Central,Illinois, Technology ,Laptop,Dell Inspiron 15,5,364.01,1820.05,352.3,Debit Card,Home Office
101832,2023-03-10,CUST1104,Customer 265,South,Texas,Technology,Keyboard,Dell KB216,2,269.1,538.2,-25.19,PayPal,Corporate
101833,2023-06-05,CUST1081,Customer 70,Central,Illinois,Technology,Mouse,Dell MS116,6,1001.06,6006.36,436.57,Cash,Consumer
101834,2023-12-04,CUST1248,Customer 219,East,New York,Office Supplies,Pens,Gel Pens,6,999.66,5997.96,-516.18,PayPal,Home Office
101835,2023-04-15,CUST1002,Customer 44,South,Florida,Technology,Laptop,Lenovo ThinkPad,6,488.73,2932.38,-119.44,PayPal,Home Office
101836,2024-01-09,CUST1170,Customer 246,East,New York,Furniture,Bookcase,Cube Shelf,2,1124.37,2248.74,210.88,Debit Card,Home Office
101837,2024-10-19,CUST1162,Customer 116,South,Texas,Furniture,Desk,Wood Desk,8,316.58,2532.64,556.85,Credit Card,Home Office
101838,2023-07-18,CUST1086,Customer 38,Central,Ohio,Furniture,Chair,Ergo Chair,1,600.48,600.48,73.94,PayPal,Corporate
101839,2023-03-05,CUST1298,Customer 37,East,Massachusetts,Technology,Monitor,LG 27,3,837.06,2511.18,690.57,Debit Card,Home Office
101840,2024-05-10,CUST1158,Customer 141,East,New York,Furniture,Chair,Ergo Chair,5,880.8,4404.0,1165.58,PayPal,Corporate
101841,2024-07-17,CUST1065,Customer 116,West,Washington,Furniture,Bookcase,Oak Bookcase,8,902.25,7218.0,1014.46,,Consumer
101842,2023-01-06,CUST1285,Customer 183,Central,Ohio,Furniture,Chair,Mesh Chair,2,945.85,1891.7,347.02,Credit Card,Corporate
101843,2024-12-12,CUST1130,Customer 19,East,New York,Office Supplies,Printer,HP LaserJet,5,428.49,2142.45,-28.57,Credit Card,Home Office
101844,2023-12-29,CUST1133,Customer 139,West,Washington,Furniture,Chair,Mesh Chair,2,391.94,783.88,216.21,PayPal,Home Office
101845,2024-01-10,CUST1145,Customer 6,East,New York,Furniture,Chair,Mesh Chair,8,987.3,7898.4,-780.27,Debit Card,Consumer
101846,2023-11-15,CUST1279,Customer 77,South,Florida,Technology,Keyboard,Logitech K120,4,729.01,2916.04,743.03,Debit Card,Consumer
101847,2024-07-06,CUST1020,Customer 123,West,California,Office Supplies,Binder,1in Binder,3,922.94,2768.82,643.16,Cash,Home Office
101848,2024-07-21,CUST1200,Customer 165,Central,Ohio,Office Supplies,Paper,Copy Paper,8,645.67,5165.36,-487.6,Debit Card,Home Office
101849,2024-12-15,CUST1104,Customer 122,South,Texas,Furniture,Cabinet,File Cabinet,7,854.06,5978.42,-41.9,Cash,Home Office
101850,2024-03-03,CUST1257,Customer 260,East,New York,Technology,Monitor,Samsung View,8,366.98,2935.84,829.38,Credit Card,Corporate
101851,2024-05-14,CUST1276,Customer 145,West,Washington,Technology,Monitor,LG 27,2,723.39,1446.78,255.81,Debit Card,Consumer
101852,2023-04-05,CUST1173,Customer 288,East,New York,Furniture,Bookcase,Oak Bookcase,2,408.99,817.98,19.68,Credit Card,Corporate
101853,2023-06-16,CUST1081,Customer 76,Central,Illinois,Technology,Laptop,Dell Inspiron 15,7,48.49,339.43,117.91,Credit Card,Corporate
101854,2023-08-20,CUST1029,Customer 273,Central,Illinois,Furniture,Bookcase,Cube Shelf,6,856.29,5137.74,171.19,Debit Card,Home Office
101855,2023-07-21,CUST1124,Customer 296,West,Washington,Technology,Keyboard,Keychron K2,2,989.22,1978.44,311.67,Cash,Corporate
101856,2024-05-12,CUST1192,Customer 2,Central,Ohio,Technology,Mouse,Logitech M185,4,398.79,1595.16,385.27,Cash,Consumer
101857,2023-01-14,CUST1229,,East,Massachusetts,Technology,Keyboard,Logitech K120,3,455.02,1365.06,362.87,Debit Card,Corporate
101858,2024-06-13,CUST1222,Customer 5,Central,Illinois,Furniture,Chair,Office Chair,4,59.42,237.68,18.57,Cash,Consumer
101859,2023-05-13,CUST1022,Customer 61,West,Washington,Furniture,Chair,Mesh Chair,2,23.03,46.06,-0.12,Debit Card,Consumer
101860,2023-08-31,CUST1235,Customer 190,West,California,Furniture,Desk,Standing Desk,5,413.37,2066.85,433.73,PayPal,Home Office
101861,2024-09-03,CUST1220,Customer 23,South,Texas,Technology,Monitor,Dell UltraSharp,1,68.95,68.95,15.34,Debit Card,Corporate
101862,2023-12-24,CUST1070,Customer 23,Central,Ohio,Office Supplies,Printer,Canon Pixma,5,1177.96,5889.8,976.18,Cash,Corporate
101863,2024-07-24,CUST1287,Customer 62,South,Florida,Furniture,Desk,Corner Desk,2,157.98,315.96,-29.28,PayPal,Corporate
101864,2024-10-06,CUST1085,Customer 190,South,Texas,Furniture,Cabinet,Storage Cabinet,7,1176.62,8236.34,-242.11,Debit Card,Consumer
101865,2024-05-20,CUST1052,Customer 216,Central,Illinois,Furniture,Bookcase,Cube Shelf,1,289.33,289.33,76.74,Debit Card,Corporate
101866,2024-07-08,CUST1215,Customer 208,Central,Illinois,Furniture,Chair,Office Chair,8,1037.79,8302.32,-253.9,Credit Card,Consumer
101867,2023-07-21,CUST1002,Customer 35,South,Texas,Furniture,Cabinet,Metal Cabinet,2,455.61,911.22,-9.5,PayPal,Consumer
101868,2024-11-26,CUST1292,Customer 32,West,Washington,Furniture,Chair,Office Chair,7,74.22,519.54,71.15,Cash,Consumer
101869,2023-07-03,CUST1028,Customer 193,South,Florida,Technology,Monitor,LG 27,6,376.03,2256.18,350.22,Cash,Home Office
101870,2024-01-10,CUST1235,Customer 64,EAST,New York,Office Supplies,Printer,Brother HL,8,704.39,5635.12,246.22,Credit Card,Home Office
101871,2024-06-21,CUST1198,Customer 64,Central,Ohio,Office Supplies,Printer,Brother HL,7,701.08,4907.56,458.16,Debit Card,Consumer
101872,2023-11-27,CUST1095,Customer 125,Central,Ohio,Office Supplies,Binder,1in Binder,1,455.36,455.36,50.51,PayPal,Corporate
101873,2023-04-01,CUST1221,Customer 251,South,Texas,Technology,Laptop,Lenovo ThinkPad,3,205.09,615.27,105.56,Debit Card,Consumer
101874,2023-07-14,CUST1287,Customer 69,East,Massachusetts,Technology,Monitor,LG 27,7,354.02,2478.14,-203.3,Cash,Consumer
101875,2023-06-17,CUST1081,Customer 115,Central,Ohio,Furniture,Desk,Wood Desk,3,532.76,1598.28,500.74,Cash,Home Office
101876,2023-05-25,CUST1033,Customer 217,West,California,Technology,Monitor,LG 27,2,309.12,618.24,214.04,Debit Card,Consumer
101877,2023-06-29,CUST1268,Customer 77,South,Florida,Technology,Monitor,Dell UltraSharp,8,795.21,6361.68,1094.8,Credit Card,Home Office
101878,2024-05-09,CUST1226,Customer 166,South,Florida,Technology,Keyboard,Keychron K2,6,160.94,965.64,72.47,PayPal,Home Office
101879,2024-12-07,CUST1145,Customer 126,West,California,Office Supplies,Pens,Gel Pens,1,14.5,14.5,3.98,Debit Card,Home Office
101880,2023-06-08,CUST1104,Customer 39,East,Massachusetts,Office Supplies,Pens,Gel Pens,8,544.79,4358.32,479.8,PayPal,Home Office
101881,2024-06-02,CUST1001,Customer 107,West,Washington,Furniture,Cabinet,File Cabinet,8,43.65,349.2,91.21,Cash,Consumer
101882,2023-09-01,CUST1019,Customer 243,Central,Illinois,Furniture,Cabinet,Metal Cabinet,5,170.97,854.85,25.17,Cash,Home Office
101883,2023-02-24,CUST1259,Customer 86,East,Massachusetts,Furniture,Chair,Mesh Chair,7,573.16,4012.12,968.42,PayPal,Corporate
101884,2024-03-06,CUST1207,Customer 98,East,Massachusetts,Office Supplies,Paper,Premium Paper,3,26.41,79.23,-6.5,Cash,Home Office
101885,2024-02-18,CUST1106,Customer 54,South,Florida,Office Supplies,Paper,Premium Paper,8,328.05,2624.4,440.26,Debit Card,Home Office
101886,2024-12-16,CUST1161,Customer 161,Central,Ohio,Office Supplies,Paper,Premium Paper,7,50.91,356.37,83.05,Credit Card,Corporate
101887,2024-09-03,CUST1131,Customer 196,East,New York,Furniture,Bookcase,Cube Shelf,4,161.8,647.2,152.34,Credit Card,Consumer
101888,2023-04-14,CUST1128,Customer 9,East,New York,Office Supplies,Paper,Premium Paper,5,679.24,3396.2,179.13,Credit Card,Home Office
101889,2023-03-16,CUST1155,Customer 255,East,Massachusetts,Furniture,Desk,Standing Desk,4,981.78,3927.12,1325.31,Cash,Consumer
101890,2024-10-14,CUST1256,Customer 270,East,Massachusetts,Furniture,Bookcase,Modern Bookcase,8,86.41,691.28,90.58,Debit Card,Consumer
101891,2023-07-29,CUST1196,Customer 40,Central,Ohio,Technology,Keyboard,Dell KB216,5,90.2,451.0,60.87,Debit Card,Home Office
101892,2023-09-19,CUST1166,Customer 264,South,Florida,Furniture,Bookcase,Modern Bookcase,5,475.78,2378.9,568.24,PayPal,Home Office
101893,2024-03-30,CUST1061,Customer 26,South,Florida,Technology,Monitor,LG 27,8,193.46,1547.68,120.31,Credit Card,Home Office
101894,2023-05-25,CUST1163,Customer 231,Central,Illinois,Furniture,Bookcase,Oak Bookcase,1,127.76,127.76,5.77,PayPal,Corporate
101895,2023-12-05,CUST1088,Customer 131,Central,Ohio,Furniture,Cabinet,Storage Cabinet,8,428.96,3431.68,1187.5,PayPal,Corporate
101896,2023-10-09,CUST1212,Customer 272,West,California,Technology,Mouse,Dell MS116,8,411.72,3293.76,836.96,Debit Card,Corporate
101897,2024-11-30,CUST1089,Customer 132,West,Washington,Technology,Mouse,HP Mouse,6,313.87,1883.22,-98.06,Cash,Corporate
101898,2023-03-12,CUST1218,Customer 9,Central,Ohio, Technology ,Monitor,LG 27,4,639.85,2559.4,,Debit Card,Corporate
101899,2024-04-26,CUST1152,Customer 138,West,California,Furniture,Chair,Ergo Chair,7,240.84,1685.88,500.46,Debit Card,Consumer
101900,2024-06-08,CUST1273,Customer 115,Central,Illinois,Technology,Laptop,Lenovo ThinkPad,6,880.27,5281.62,756.6,Credit Card,Home Office
101901,2023-10-12,CUST1243,Customer 249,West,California,Furniture,Chair,Mesh Chair,7,769.18,5384.26,1457.26,PayPal,Consumer
101902,2023-10-07,CUST1269,Customer 7,South,Texas,Office Supplies,Printer,HP LaserJet,4,441.47,1765.88,307.66,Cash,Corporate
101903,2023-02-13,CUST1007,Customer 294,Central,Illinois,Furniture,Bookcase,Modern Bookcase,8,365.99,2927.92,378.43,Cash,Corporate
101904,2024-10-17,CUST1000,Customer 87,East,Massachusetts,Office Supplies,Paper,Premium Paper,1,177.02,177.02,60.57,Cash,Corporate
101905,2023-05-31,CUST1008,,West,California,Technology,Keyboard,Dell KB216,3,405.23,1215.69,31.81,Debit Card,Corporate
101906,2023-06-07,CUST1235,Customer 186,West,California,Technology,Mouse,Dell MS116,8,570.69,4565.52,637.65,Cash,Consumer
101907,2024-11-03,CUST1081,Customer 104,South,Texas,Office Supplies,Binder,Heavy Binder,5,1192.18,5960.9,1246.01,Credit Card,Home Office
101908,2024-06-18,CUST1125,Customer 113,East,Massachusetts,Office Supplies,Binder,Heavy Binder,5,136.17,680.85,60.68,Debit Card,Corporate
101909,2023-02-01,CUST1264,Customer 108,South,Florida,Office Supplies,Printer,HP LaserJet,8,509.79,4078.32,474.12,Credit Card,Corporate
101910,2023-07-17,CUST1044,Customer 191,West,Washington,Furniture,Desk,Corner Desk,4,792.07,3168.28,598.83,Credit Card,Home Office
101911,2023-04-03,CUST1212,Customer 281,Central,Illinois,Furniture,Desk,Wood Desk,6,987.83,5926.98,909.24,Credit Card,Corporate
101912,2023-06-06,CUST1296,Customer 14,East,New York,Furniture,Desk,Standing Desk,8,151.67,1213.36,219.74,Debit Card,Consumer
101913,2023-08-22,CUST1229,Customer 29,Central,Illinois,Technology,Mouse,HP Mouse,5,1048.78,5243.9,1161.58,Cash,Corporate
101914,2024-04-02,CUST1268,Customer 40,South,Florida,Technology,Mouse,HP Mouse,8,383.61,3068.88,-27.2,Credit Card,Corporate
101915,2023-08-04,CUST1154,Customer 190,Central,Illinois,Furniture,Chair,Office Chair,8,727.01,5816.08,878.36,PayPal,Consumer
101916,2024-02-19,CUST1008,Customer 246,East,Massachusetts,Office Supplies,Binder,1in Binder,4,634.9,2539.6,730.29,PayPal,Consumer
101917,2023-06-04,CUST1014,Customer 171,East,Massachusetts,Office Supplies,Paper,A4 Paper,2,1123.43,2246.86,570.38,Credit Card,Home Office
101918,2024-07-13,CUST1013,Customer 251,West,California,Office Supplies,Binder,Heavy Binder,2,617.78,1235.56,-49.15,Credit Card,Corporate
101919,2024-02-02,CUST1284,Customer 74,West,California,Technology,Mouse,Dell MS116,3,271.14,813.42,203.93,PayPal,Home Office
101920,2024-09-13,CUST1023,Customer 125,East,New York,Furniture,Bookcase,Modern Bookcase,5,732.89,3664.45,382.4,Cash,Consumer
101921,2024-03-06,CUST1181,Customer 229,Central,Ohio,Furniture,Bookcase,Modern Bookcase,4,1195.89,4783.56,-67.19,Credit Card,Corporate
101922,2024-03-28,CUST1162,Customer 226,East,New York,Technology,Monitor,LG 27,6,401.83,2410.98,444.72,Credit Card,Corporate
101923,2023-05-11,CUST1022,Customer 160,West,Washington,Office Supplies,Pens,Marker Pack,5,855.98,4279.9,111.58,Cash,Home Office
101924,2024-07-04,CUST1052,Customer 79,East,New York,Technology,Keyboard,Logitech K120,5,1066.44,5332.2,1748.63,Debit Card,Home Office
101925,2023-11-27,CUST1273,Customer 39,West,California,Furniture,Bookcase,Oak Bookcase,6,757.06,4542.36,350.19,Credit Card,Home Office
101926,2024-10-16,CUST1154,Customer 137,Central,Ohio,Office Supplies,Binder,Heavy Binder,1,1049.72,1049.72,-37.84,Cash,Corporate
101927,2024-06-08,CUST1118,Customer 217,South,Florida,Furniture,Bookcase,Modern Bookcase,5,39.44,197.2,47.84,PayPal,Corporate
101928,2023-01-23,CUST1259,Customer 107,West,Washington,Technology,Monitor,Samsung View,6,580.92,3485.52,840.96,Credit Card,Corporate
101929,2024-08-19,CUST1260,Customer 202,Central,Ohio,Furniture,Desk,Corner Desk,3,798.43,2395.29,12.18,Debit Card,Home Office
101930,2023-02-08,CUST1116,Customer 117,East,New York,Furniture,Cabinet,File Cabinet,5,774.61,3873.05,1348.47,Debit Card,Corporate
101931,2023-04-03,CUST1199,Customer 13,Central,Ohio,Technology,Keyboard,Dell KB216,5,649.68,3248.4,527.49,PayPal,Consumer
101932,2023-11-04,CUST1293,Customer 183,South,Florida,Furniture,Cabinet,Storage Cabinet,3,875.31,2625.93,145.53,Cash,Home Office
101933,2023-03-26,CUST1082,Customer 85,Central,Ohio,Office Supplies,Paper,Premium Paper,2,535.92,1071.84,55.2,Credit Card,Home Office
101934,2024-11-11,CUST1153,Customer 141,West,Washington,Office Supplies,Paper,Copy Paper,5,1070.58,5352.9,-297.1,PayPal,Corporate
101935,2024-12-16,CUST1065,Customer 65,West,Washington,Office Supplies,Pens,Marker Pack,8,974.92,7799.36,230.16,PayPal,Corporate
101936,2024-11-11,CUST1294,Customer 300,East,New York,Technology,Monitor,Dell UltraSharp,6,1163.4,6980.4,1655.02,PayPal,Home Office
101937,2023-07-11,CUST1212,Customer 212,West,California,Furniture,Bookcase,Cube Shelf,8,156.51,1252.08,295.26,PayPal,Consumer
101938,2023-01-02,CUST1016,Customer 69,East,Massachusetts,Office Supplies,Binder,2in Binder,5,216.94,1084.7,355.3,Debit Card,Consumer
101939,2024-11-27,CUST1283,Customer 114,East,Massachusetts,Office Supplies,Paper,A4 Paper,4,872.99,3491.96,1178.11,PayPal,Corporate
101940,2024-01-02,CUST1141,Customer 207,West,California,Furniture,Bookcase,Modern Bookcase,2,399.6,799.2,148.69,Credit Card,Corporate
101941,2023-10-28,CUST1184,Customer 223,West,California,Technology,Monitor,Dell UltraSharp,2,554.93,1109.86,314.27,Cash,Consumer
101942,2024-01-21,CUST1034,Customer 291,West,California,Office Supplies,Binder,2in Binder,8,904.41,7235.28,512.44,Cash,Home Office
101943,2024-10-20,CUST1134,Customer 48,Central,Ohio,Furniture,Desk,Corner Desk,3,588.3,1764.9,171.91,Cash,Home Office
101944,2023-02-16,CUST1032,Customer 107,West,California,Office Supplies,Printer,HP LaserJet,3,894.11,2682.33,135.55,Cash,Corporate
101945,2024-11-30,CUST1123,Customer 120,South,Florida,Furniture,Desk,Standing Desk,4,691.47,2765.88,97.66,Credit Card,Corporate
101946,2024-01-05,CUST1076,Customer 184,South,Florida,Office Supplies,Paper,Premium Paper,8,357.97,2863.76,782.54,Credit Card,Consumer
101947,2023-09-24,CUST1148,Customer 8,Central,Ohio,Office Supplies,Printer,HP LaserJet,2,169.48,338.96,71.08,Cash,Corporate
101948,2023-09-07,CUST1270,Customer 192,Central,Ohio,Office Supplies,Binder,1in Binder,2,621.46,1242.92,-95.34,Credit Card,Consumer
101949,2023-04-13,CUST1128,Customer 118,Central,Illinois,Technology,Keyboard,Logitech K120,2,396.24,792.48,255.37,PayPal,Corporate
101950,2024-07-01,CUST1233,Customer 50,Central,Illinois,Office Supplies,Paper,A4 Paper,8,960.13,7681.04,-499.83,Credit Card,Home Office
101951,2024-11-18,CUST1208,Customer 281,Central,Ohio,Furniture,Cabinet,Metal Cabinet,6,915.57,5493.42,1524.57,Credit Card,Consumer
101952,2024-03-14,CUST1006,Customer 207,East,New York,Office Supplies,Paper,Premium Paper,5,223.25,1116.25,261.62,Credit Card,Consumer
101953,2023-07-09,CUST1167,Customer 71,East,New York,Technology,Mouse,HP Mouse,6,1092.84,6557.04,-600.03,Debit Card,Corporate
101954,2023-04-08,CUST1038,Customer 132,West,Washington,Technology,Laptop,HP Pavilion,7,581.68,4071.76,-218.27,Cash,Home Office
101955,2024-08-25,CUST1072,Customer 66,East,New York,Technology,Mouse,HP Mouse,4,254.91,1019.64,237.66,Debit Card,Consumer
101956,2023-10-12,CUST1190,Customer 194,West,California,Furniture,Desk,Corner Desk,3,229.19,687.57,-14.27,Debit Card,Home Office
101957,2023-01-29,CUST1294,Customer 52,West,California,Technology,Laptop,Dell Inspiron 15,5,645.68,3228.4,-19.1,Debit Card,Consumer
101958,2024-10-19,CUST1130,Customer 172,East,Massachusetts,Technology,Mouse,Logitech M185,4,198.41,793.64,182.4,PayPal,Home Office
101959,2023-10-18,CUST1226,Customer 220,South,Texas,Technology,Keyboard,Logitech K120,7,365.1,2555.7,669.26,Credit Card,Consumer
101960,2023-09-28,CUST1182,Customer 127,Central,Ohio,Technology,Keyboard,Logitech K120,1,878.32,878.32,142.73,PayPal,Corporate
101961,2024-10-13,CUST1047,Customer 172,Central,Illinois,Furniture,Cabinet,Metal Cabinet,8,998.15,7985.2,481.47,Debit Card,Corporate
101962,2024-02-18,CUST1080,Customer 190,South,Florida,Office Supplies,Paper,Premium Paper,8,919.2,7353.6,555.48,Debit Card,Home Office
101963,2024-06-07,CUST1112,Customer 128,West,Washington,Furniture,Cabinet,Metal Cabinet,5,572.55,2862.75,992.45,PayPal,Home Office
101964,2024-12-15,CUST1119,Customer 174,South,Texas,Furniture,Bookcase,Cube Shelf,7,526.82,3687.74,158.58,Debit Card,Home Office
101965,2024-08-17,CUST1198,Customer 253,Central,Illinois,Office Supplies,Printer,Brother HL,4,193.37,773.48,-6.85,Debit Card,Corporate
101966,2023-04-16,CUST1214,Customer 101,South,Florida,Technology,Monitor,Samsung View,8,1037.46,8299.68,1776.37,Debit Card,Corporate
101967,2023-10-05,CUST1211,Customer 52,East,Massachusetts,Furniture,Cabinet,File Cabinet,7,303.16,2122.12,339.51,PayPal,Home Office
101968,2024-07-05,CUST1279,Customer 40,East,Massachusetts,Office Supplies,Binder,Heavy Binder,4,742.93,2971.72,708.53,PayPal,Consumer
101969,2023-12-29,CUST1125,Customer 12,East,New York,Technology,Mouse,Dell MS116,4,836.62,3346.48,-201.55,PayPal,Consumer
101970,2024-04-30,CUST1048,Customer 141,East,Massachusetts,Technology,Mouse,Dell MS116,3,932.27,2796.81,693.53,PayPal,Corporate
101971,2024-07-21,CUST1146,Customer 204,West,California,Furniture,Cabinet,File Cabinet,4,150.21,600.84,204.67,Debit Card,Home Office
101972,2023-11-01,CUST1084,Customer 199,Central,Ohio,Technology,Keyboard,Dell KB216,5,1007.61,5038.05,1193.51,Cash,Corporate
101973,2024-02-20,CUST1153,Customer 6,East,New York,Office Supplies,Paper,Premium Paper,3,900.18,2700.54,440.96,Debit Card,Corporate
101974,2024-08-09,CUST1149,Customer 291,South,Texas,Office Supplies,Paper,A4 Paper,7,845.99,5921.93,429.17,PayPal,Consumer
101975,2024-09-27,CUST1056,Customer 17,Central,Ohio,Office Supplies,Paper,Premium Paper,4,269.96,1079.84,-0.75,Credit Card,Corporate
101976,2023-04-21,CUST1139,Customer 300,East,Massachusetts,Office Supplies,Paper,A4 Paper,7,933.52,6534.64,72.56,Credit Card,Consumer
101977,2023-07-19,CUST1246,Customer 106,East,New York,Furniture,Cabinet,Metal Cabinet,8,1101.99,8815.92,781.69,Cash,Home Office
101978,2023-04-13,CUST1252,Customer 111,South,Texas,Office Supplies,Printer,HP LaserJet,1,1146.47,1146.47,331.6,Credit Card,Consumer
101979,2023-09-15,CUST1159,Customer 83,West,California,Furniture,Chair,Office Chair,2,928.27,1856.54,-145.92,Credit Card,Consumer
101980,2024-06-26,CUST1020,Customer 127,Central,Ohio,Technology,Mouse,Dell MS116,1,900.11,900.11,-60.7,Cash,Consumer
101981,2023-05-05,CUST1107,Customer 164,East,Massachusetts,Office Supplies,Printer,Canon Pixma,5,1066.9,5334.5,1858.46,Debit Card,Consumer
101982,2024-03-11,CUST1030,Customer 41,West,Washington,Office Supplies,Paper,Premium Paper,2,254.44,508.88,73.58,Cash,Corporate
101983,2023-04-12,CUST1008,Customer 70,WEST,Washington,Technology,Monitor,LG 27,2,703.73,1407.46,55.24,Cash,Corporate
101984,2024-11-16,CUST1235,Customer 154,West,California,Office Supplies,Paper,Premium Paper,2,151.89,303.78,84.5,Cash,Consumer
101985,2024-05-11,CUST1219,Customer 97,West,California,Furniture,Bookcase,Modern Bookcase,6,594.12,3564.72,116.05,Credit Card,Consumer
101986,2024-07-21,CUST1295,Customer 147,West,California,Office Supplies,Binder,1in Binder,2,792.57,1585.14,111.8,Debit Card,Consumer
101987,2024-10-18,CUST1171,Customer 112,East,New York,Furniture,Cabinet,Metal Cabinet,2,854.88,1709.76,-107.58,Cash,Consumer
101988,2024-02-25,CUST1165,Customer 90,Central,Illinois,Furniture,Chair,Office Chair,5,978.84,4894.2,253.08,PayPal,Home Office
101989,2023-11-16,CUST1238,Customer 299,West,California,Technology,Keyboard,Keychron K2,8,867.59,6940.72,-491.04,Cash,Home Office
101990,2024-06-22,CUST1054,Customer 175,South,Florida,Furniture,Cabinet,File Cabinet,4,1177.58,4710.32,-406.12,PayPal,Corporate
101991,2023-12-23,CUST1094,Customer 230,Central,Illinois,Furniture,Cabinet,File Cabinet,5,1064.95,5324.75,1508.41,Credit Card,Corporate
101992,2023-06-09,CUST1004,Customer 244,Central,Ohio,Technology,Keyboard,Keychron K2,6,40.81,244.86,17.69,Credit Card,Home Office
101993,2023-02-13,CUST1260,Customer 216,West,Washington,Office Supplies,Printer,HP LaserJet,4,16.06,64.24,17.23,Debit Card,Corporate
101994,2023-02-11,CUST1139,Customer 52,Central,Illinois,Technology,Laptop,Lenovo ThinkPad,7,496.92,3478.44,590.56,PayPal,Consumer
101995,2024-07-03,CUST1179,Customer 83,East,New York,Furniture,Bookcase,Oak Bookcase,4,606.79,2427.16,-121.13,Debit Card,Consumer
101996,2023-05-27,CUST1079,Customer 270,East,New York,Technology,Monitor,Dell UltraSharp,1,647.9,647.9,72.54,Debit Card,Corporate
101997,2024-09-12,CUST1231,Customer 60,South,Texas,Technology,Keyboard,Logitech K120,1,874.28,874.28,130.63,Debit Card,Corporate
101998,2023-04-15,CUST1226,Customer 75,West,California,Furniture,Chair,Office Chair,4,389.23,1556.92,390.62,Debit Card,Home Office
101999,2024-06-27,CUST1020,Customer 238,East,New York,Furniture,Cabinet,Metal Cabinet,6,1148.24,6889.44,1036.42,Debit Card,Consumer
102000,2023-05-11,CUST1168,Customer 125,West,California,Technology,Keyboard,Logitech K120,5,1092.94,5464.7,1205.15,Cash,Consumer
100675,2024-02-13,CUST1237,Customer 249,East,Massachusetts,Technology,Laptop,HP Pavilion,2,853.83,1707.66,-65.89,PayPal,Consumer
101700,2024-07-17,CUST1070,Customer 114,East,Massachusetts,Office Supplies,Paper,A4 Paper,2,829.57,1659.14,-52.27,PayPal,Home Office
101283,2023-12-16,CUST1120,Customer 212,West,Washington,Office Supplies,Printer,Brother HL,3,492.17,1476.51,226.42,Debit Card,Corporate
101316,2024-02-21,CUST1074,Customer 98,West,California,Technology,Mouse,HP Mouse,2,809.69,1619.38,337.72,Cash,Home Office
101211,2023-06-05,CUST1247,Customer 34,Central,Ohio,Technology,Laptop,Dell Inspiron 15,3,1032.02,3096.06,60.31,Debit Card,Corporate
101637,2024-03-24,CUST1235,Customer 103,South,Texas,Furniture,Chair,Office Chair,5,845.77,4228.85,1442.0,Cash,Corporate
100614,2024-09-08,CUST1190,Customer 157,Central,Illinois,Technology,Keyboard,Dell KB216,5,57.94,289.7,-8.98,Cash,Corporate
100448,2023-05-14,CUST1091,Customer 229,West,Washington,Office Supplies,Paper,A4 Paper,7,74.02,518.14,47.62,Cash,Corporate
101132,2023-06-01,CUST1140,Customer 234,Central,Ohio,Office Supplies,Pens,Marker Pack,8,912.57,7300.56,-376.09,Cash,Consumer
100809,2024-09-23,CUST1162,Customer 265,EAST,Illinois,Office Supplies,Binder,2in Binder,7,1173.05,8211.35,-179.23,Debit Card,Corporate
